,Estado,Sembrada_ha,Cosechada_ha,AÃ±o,Mes
0,Chiapas,95263,2676.0,2004,1
1,Quintana roo,4040,500.0,2004,1
2,Total,393272,3176.0,2004,1
3,Chiapas,99607,5594.0,2004,2
4,Guerrero,811,12.0,2004,2
5,Nayarit,2494,40.0,2004,2
6,Oaxaca,54644,368.0,2004,2
7,Quintana roo,5988,4000.0,2004,2
8,San luis potosi,13173,4057.0,2004,2
9,Sinaloa,7663,1973.0,2004,2
10,Veracruz,176739,266.0,2004,2
11,Total,472608,16310.0,2004,2
12,Campeche,4728,1717.0,2004,3
13,Chiapas,99900,24716.0,2004,3
14,Guerrero,811,455.0,2004,3
15,Jalisco,1219,140.0,2004,3
16,Nayarit,2537,950.0,2004,3
17,Oaxaca,54644,13828.0,2004,3
18,Quintana roo,5988,4385.0,2004,3
19,San luis potosi,13449,6630.0,2004,3
20,Sinaloa,7814,3247.0,2004,3
21,Tabasco,42411,2965.0,2004,3
22,Tamaulipas,21882,1600.0,2004,3
23,Veracruz,194122,5514.0,2004,3
24,Total,498232,66147.0,2004,3
25,Campeche,4728,2873.0,2004,4
26,Chiapas,99910,51328.0,2004,4
27,Guerrero,811,781.0,2004,4
28,Hidalgo,23566,7239.0,2004,4
29,Jalisco,1247,869.0,2004,4
30,Nayarit,2537,2341.0,2004,4
31,Oaxaca,54644,36633.0,2004,4
32,Quintana roo,5988,4385.0,2004,4
33,San luis potosi,12804,8483.0,2004,4
34,Sinaloa,7814,7176.0,2004,4
35,Tabasco,42411,11860.0,2004,4
36,Tamaulipas,22515,2829.0,2004,4
37,Veracruz,194638,49692.0,2004,4
38,Yucatan,1050,1050.0,2004,4
39,Total,499135,187539.0,2004,4
40,Baja california,2,2.0,2004,5
41,Campeche,4728,2873.0,2004,5
42,Chiapas,99910,60301.0,2004,5
43,Guerrero,811,803.0,2004,5
44,Hidalgo,23566,22138.0,2004,5
45,Jalisco,1247,979.0,2004,5
46,Nayarit,2565,2371.0,2004,5
47,Oaxaca,54644,49230.0,2004,5
48,Quintana roo,5988,4385.0,2004,5
49,San luis potosi,12804,11728.0,2004,5
50,Sinaloa,7814,7327.0,2004,5
51,Tabasco,42411,33066.0,2004,5
52,Tamaulipas,22950,5574.0,2004,5
53,Veracruz,198154,106415.0,2004,5
54,Yucatan,1050,1050.0,2004,5
55,Total,506087,308242.0,2004,5
56,Baja california,2,2.0,2004,6
57,Campeche,4728,2873.0,2004,6
58,Chiapas,99910,85541.0,2004,6
59,Guerrero,811,811.0,2004,6
60,Hidalgo,23566,23566.0,2004,6
61,Jalisco,1247,1207.0,2004,6
62,Michoacan,118,8.0,2004,6
63,Nayarit,2550,2509.0,2004,6
64,Nuevo leon,4920,241.0,2004,6
65,Oaxaca,53854,53709.0,2004,6
66,Puebla,23127,5608.0,2004,6
67,Quintana roo,5988,4385.0,2004,6
68,San luis potosi,12804,12453.0,2004,6
69,Sinaloa,7814,7327.0,2004,6
70,Tabasco,42411,38177.0,2004,6
71,Tamaulipas,22950,5779.0,2004,6
72,Veracruz,198154,147973.0,2004,6
73,Yucatan,1050,1050.0,2004,6
74,Total,506064,393219.0,2004,6
75,Baja california,2,2.0,2004,7
76,Campeche,4728,4513.0,2004,7
77,Chiapas,99910,95256.0,2004,7
78,Guerrero,811,811.0,2004,7
79,Hidalgo,23566,23566.0,2004,7
80,Jalisco,1247,1207.0,2004,7
81,Michoacan,118,8.0,2004,7
82,Nayarit,2550,2544.0,2004,7
83,Nuevo leon,4920,981.0,2004,7
84,Oaxaca,53854,53709.0,2004,7
85,Puebla,23127,5717.0,2004,7
86,Quintana roo,5988,4385.0,2004,7
87,San luis potosi,12804,12453.0,2004,7
88,Sinaloa,7814,7527.0,2004,7
89,Tabasco,42411,40167.0,2004,7
90,Tamaulipas,22950,19761.0,2004,7
91,Veracruz,198159,186559.0,2004,7
92,Yucatan,1050,1050.0,2004,7
93,Total,506069,460216.0,2004,7
94,Baja california,2,2.0,2004,8
95,Campeche,4728,4513.0,2004,8
96,Chiapas,99910,98515.0,2004,8
97,Guerrero,811,811.0,2004,8
98,Hidalgo,23566,23566.0,2004,8
99,Jalisco,1247,1247.0,2004,8
100,Michoacan,118,8.0,2004,8
101,Nayarit,2550,2544.0,2004,8
102,Nuevo leon,4920,1318.0,2004,8
103,Oaxaca,53854,53709.0,2004,8
104,Puebla,23127,19829.0,2004,8
105,Quintana roo,5988,4385.0,2004,8
106,San luis potosi,12804,12453.0,2004,8
107,Sinaloa,7814,7527.0,2004,8
108,Tabasco,42411,40282.0,2004,8
109,Tamaulipas,22950,22824.0,2004,8
110,Veracruz,198159,189799.0,2004,8
111,Yucatan,1050,1050.0,2004,8
112,Total,506069,484382.0,2004,8
113,Baja california,2,2.0,2004,9
114,Campeche,4728,4513.0,2004,9
115,Chiapas,99910,99456.0,2004,9
116,Guerrero,811,811.0,2004,9
117,Hidalgo,23566,23566.0,2004,9
118,Jalisco,1247,1247.0,2004,9
119,Michoacan,118,118.0,2004,9
120,Nayarit,2550,2544.0,2004,9
121,Nuevo leon,4920,4772.0,2004,9
122,Oaxaca,53854,53709.0,2004,9
123,Puebla,23127,20419.0,2004,9
124,Quintana roo,5988,4385.0,2004,9
125,San luis potosi,12804,12453.0,2004,9
126,Sinaloa,7814,7527.0,2004,9
127,Tabasco,42411,40282.0,2004,9
128,Tamaulipas,22950,22903.0,2004,9
129,Veracruz,198159,192063.0,2004,9
130,Yucatan,1050,1050.0,2004,9
131,Total,506069,491820.0,2004,9
132,Baja california,2,2.0,2004,12
133,Campeche,4728,4513.0,2004,12
134,Chiapas,99910,99456.0,2004,12
135,Guerrero,811,811.0,2004,12
136,Hidalgo,23566,23566.0,2004,12
137,Jalisco,1247,1247.0,2004,12
138,Michoacan,118,118.0,2004,12
139,Nayarit,2550,2544.0,2004,12
140,Nuevo leon,4920,4772.0,2004,12
141,Oaxaca,53854,53709.0,2004,12
142,Puebla,23127,20419.0,2004,12
143,Quintana roo,5988,4385.0,2004,12
144,San luis potosi,12804,12453.0,2004,12
145,Sinaloa,7814,7527.0,2004,12
146,Tabasco,42411,40282.0,2004,12
147,Tamaulipas,22950,22903.0,2004,12
148,Veracruz,198159,192063.0,2004,12
149,Yucatan,1050,1050.0,2004,12
150,Total,506069,491820.0,2004,12
151,Oaxaca,49907,850.0,2005,1
152,Quintana roo,5021,810.0,2005,1
153,Total,385132,1660.0,2005,1
154,Campeche,5854,1146.0,2005,2
155,Chiapas,91352,30.0,2005,2
156,Nayarit,3400,674.0,2005,2
157,Oaxaca,52686,2039.0,2005,2
158,Quintana roo,5021,1220.0,2005,2
159,Sinaloa,4536,1755.0,2005,2
160,Veracruz,170016,1458.0,2005,2
161,Total,446449,8322.0,2005,2
162,Campeche,5854,1775.0,2005,3
163,Chiapas,91352,8618.0,2005,3
164,Guerrero,1483,60.0,2005,3
165,Jalisco,1213,297.0,2005,3
166,Nayarit,3400,1474.0,2005,3
167,Oaxaca,52895,19568.0,2005,3
168,Quintana roo,5021,1311.0,2005,3
169,San luis potosi,11799,599.0,2005,3
170,Sinaloa,4560,2455.0,2005,3
171,Tamaulipas,9254,1360.0,2005,3
172,Veracruz,173870,28066.0,2005,3
173,Total,453637,65583.0,2005,3
174,Campeche,5854,3463.0,2005,4
175,Chiapas,96434,24251.0,2005,4
176,Guerrero,1483,1315.0,2005,4
177,Hidalgo,22569,6200.0,2005,4
178,Jalisco,1213,812.0,2005,4
179,Nayarit,3400,1926.0,2005,4
180,Oaxaca,52895,41343.0,2005,4
181,Quintana roo,5021,1311.0,2005,4
182,San luis potosi,11799,2515.0,2005,4
183,Sinaloa,4560,4000.0,2005,4
184,Tabasco,39517,11700.0,2005,4
185,Tamaulipas,10748,3980.0,2005,4
186,Veracruz,182644,58827.0,2005,4
187,Yucatan,1070,1050.0,2005,4
188,Total,469877,162693.0,2005,4
189,Baja california,8,3.0,2005,5
190,Campeche,5854,4013.0,2005,5
191,Chiapas,96434,57355.0,2005,5
192,Chihuahua,20,7.0,2005,5
193,Guerrero,1483,1425.0,2005,5
194,Hidalgo,22569,14248.0,2005,5
195,Jalisco,1213,1111.0,2005,5
196,Nayarit,3400,2872.0,2005,5
197,Nuevo leon,3662,1835.0,2005,5
198,Oaxaca,52896,44010.0,2005,5
199,Puebla,34179,1045.0,2005,5
200,Quintana roo,5021,4311.0,2005,5
201,San luis potosi,11799,7452.0,2005,5
202,Sinaloa,4560,4344.0,2005,5
203,Tabasco,39517,27296.0,2005,5
204,Tamaulipas,11221,4125.0,2005,5
205,Veracruz,182644,99907.0,2005,5
206,Yucatan,1070,1050.0,2005,5
207,Total,477549,276410.0,2005,5
208,Baja california,8,3.0,2005,6
209,Campeche,5854,4013.0,2005,6
210,Chiapas,96434,77051.0,2005,6
211,Chihuahua,20,7.0,2005,6
212,Guerrero,1483,1433.0,2005,6
213,Hidalgo,22569,20155.0,2005,6
214,Jalisco,1213,1153.0,2005,6
215,Nayarit,3400,3311.0,2005,6
216,Nuevo leon,3662,1685.0,2005,6
217,Oaxaca,52896,52727.0,2005,6
218,Puebla,34176,3592.0,2005,6
219,Quintana roo,5021,4811.0,2005,6
220,San luis potosi,11799,9645.0,2005,6
221,Sinaloa,4560,4466.0,2005,6
222,Tabasco,39517,28016.0,2005,6
223,Tamaulipas,11221,4245.0,2005,6
224,Veracruz,182644,135074.0,2005,6
225,Yucatan,1070,1060.0,2005,6
226,Total,477546,352447.0,2005,6
227,Baja california,8,3.0,2005,7
228,Campeche,5854,4013.0,2005,7
229,Chiapas,96434,80706.0,2005,7
230,Chihuahua,20,7.0,2005,7
231,Guerrero,1483,1483.0,2005,7
232,Hidalgo,22569,22569.0,2005,7
233,Jalisco,1213,1153.0,2005,7
234,Nayarit,3400,3311.0,2005,7
235,Nuevo leon,3662,3324.0,2005,7
236,Oaxaca,52896,52862.0,2005,7
237,Puebla,34176,11298.0,2005,7
238,Quintana roo,5021,4811.0,2005,7
239,San luis potosi,11799,9645.0,2005,7
240,Sinaloa,4560,4466.0,2005,7
241,Tabasco,39517,28016.0,2005,7
242,Tamaulipas,11221,5148.0,2005,7
243,Veracruz,182734,151849.0,2005,7
244,Yucatan,1070,1070.0,2005,7
245,Total,477636,385734.0,2005,7
246,Baja california,5,3.0,2005,8
247,Campeche,5854,4013.0,2005,8
248,Chiapas,96434,85914.0,2005,8
249,Chihuahua,20,7.0,2005,8
250,Guerrero,1483,1483.0,2005,8
251,Hidalgo,22569,22569.0,2005,8
252,Jalisco,1213,1213.0,2005,8
253,Nayarit,3400,3311.0,2005,8
254,Nuevo leon,3662,3332.0,2005,8
255,Oaxaca,52896,52862.0,2005,8
256,Puebla,34176,11928.0,2005,8
257,Quintana roo,5021,4811.0,2005,8
258,San luis potosi,11799,9645.0,2005,8
259,Sinaloa,4560,4466.0,2005,8
260,Sonora,5,5.0,2005,8
261,Tabasco,39517,28016.0,2005,8
262,Tamaulipas,11221,5692.0,2005,8
263,Veracruz,182734,157587.0,2005,8
264,Yucatan,1070,1070.0,2005,8
265,Total,477639,397927.0,2005,8
266,Baja california,5,5.0,2005,9
267,Campeche,5854,4013.0,2005,9
268,Chiapas,96434,92340.0,2005,9
269,Chihuahua,20,7.0,2005,9
270,Guerrero,1483,1483.0,2005,9
271,Hidalgo,22569,22569.0,2005,9
272,Jalisco,1213,1213.0,2005,9
273,Nayarit,3400,3311.0,2005,9
274,Nuevo leon,3662,3332.0,2005,9
275,Oaxaca,52896,52862.0,2005,9
276,Puebla,34176,12028.0,2005,9
277,Quintana roo,5021,4811.0,2005,9
278,San luis potosi,11799,9645.0,2005,9
279,Sinaloa,4560,4466.0,2005,9
280,Sonora,5,5.0,2005,9
281,Tabasco,39517,28016.0,2005,9
282,Tamaulipas,11221,5852.0,2005,9
283,Veracruz,182834,160332.0,2005,9
284,Yucatan,1070,1070.0,2005,9
285,Total,477739,407361.0,2005,9
286,Baja california,5,5.0,2005,12
287,Campeche,5854,4013.0,2005,12
288,Chiapas,96434,92340.0,2005,12
289,Chihuahua,20,7.0,2005,12
290,Guerrero,1483,1483.0,2005,12
291,Hidalgo,22569,22569.0,2005,12
292,Jalisco,1213,1213.0,2005,12
293,Nayarit,3400,3311.0,2005,12
294,Nuevo leon,3662,3332.0,2005,12
295,Oaxaca,52896,52862.0,2005,12
296,Puebla,34176,12028.0,2005,12
297,Quintana roo,5021,4811.0,2005,12
298,San luis potosi,11799,9645.0,2005,12
299,Sinaloa,4560,4466.0,2005,12
300,Sonora,5,5.0,2005,12
301,Tabasco,39517,28016.0,2005,12
302,Tamaulipas,11221,5852.0,2005,12
303,Veracruz,182834,160332.0,2005,12
304,Yucatan,1070,1070.0,2005,12
305,Total,477739,407361.0,2005,12
306,Oaxaca,40148,501.0,2006,1
307,Sinaloa,4403,1500.0,2006,1
308,Veracruz,154604,20.0,2006,1
309,Total,364686,2021.0,2006,1
310,Campeche,3160,220.0,2006,2
311,Chiapas,96402,5260.0,2006,2
312,Nayarit,2195,245.0,2006,2
313,Oaxaca,45690,20627.0,2006,2
314,Quintana roo,4533,3189.0,2006,2
315,Sinaloa,4442,368.0,2006,2
316,Veracruz,180805,1340.0,2006,2
317,Total,448420,31249.0,2006,2
318,Campeche,3160,220.0,2006,3
319,Chiapas,96682,15958.0,2006,3
320,Hidalgo,21875,1564.0,2006,3
321,Jalisco,1264,200.0,2006,3
322,Nayarit,2244,290.0,2006,3
323,Oaxaca,45866,23916.0,2006,3
324,Quintana roo,4533,3432.0,2006,3
325,San luis potosi,11271,1128.0,2006,3
326,Sinaloa,4442,368.0,2006,3
327,Tabasco,35007,390.0,2006,3
328,Veracruz,181711,21654.0,2006,3
329,Total,453460,69120.0,2006,3
330,Campeche,4950,4575.0,2006,4
331,Chiapas,96682,41082.0,2006,4
332,Guerrero,1445,1427.0,2006,4
333,Hidalgo,21875,11962.0,2006,4
334,Jalisco,1234,450.0,2006,4
335,Nayarit,2244,916.0,2006,4
336,Oaxaca,45866,25802.0,2006,4
337,Quintana roo,4533,3432.0,2006,4
338,San luis potosi,11271,6320.0,2006,4
339,Sinaloa,4442,368.0,2006,4
340,Tabasco,39687,19910.0,2006,4
341,Tamaulipas,7954,2629.0,2006,4
342,Veracruz,183452,53954.0,2006,4
343,Yucatan,768,753.0,2006,4
344,Total,461699,173580.0,2006,4
345,Campeche,4950,4905.0,2006,5
346,Chiapas,96682,68552.0,2006,5
347,Guerrero,1445,1445.0,2006,5
348,Hidalgo,21875,19970.0,2006,5
349,Jalisco,1234,1025.0,2006,5
350,Nayarit,2256,1720.0,2006,5
351,Oaxaca,45866,32500.0,2006,5
352,Puebla,45117,1045.0,2006,5
353,Quintana roo,4533,3432.0,2006,5
354,San luis potosi,11271,10508.0,2006,5
355,Sinaloa,4442,3256.0,2006,5
356,Tabasco,39687,35296.0,2006,5
357,Tamaulipas,7954,5289.0,2006,5
358,Veracruz,183452,101016.0,2006,5
359,Yucatan,768,753.0,2006,5
360,Total,473638,290710.0,2006,5
361,Campeche,4950,4905.0,2006,6
362,Chiapas,96682,90046.0,2006,6
363,Guerrero,1445,1445.0,2006,6
364,Hidalgo,21875,21465.0,2006,6
365,Jalisco,1234,1025.0,2006,6
366,Nayarit,2256,2252.0,2006,6
367,Nuevo leon,2047,40.0,2006,6
368,Oaxaca,45866,44864.0,2006,6
369,Puebla,45117,5382.0,2006,6
370,Queretaro,20,20.0,2006,6
371,Quintana roo,4533,4533.0,2006,6
372,San luis potosi,11271,10508.0,2006,6
373,Sinaloa,4342,3386.0,2006,6
374,Tabasco,39687,38077.0,2006,6
375,Tamaulipas,7954,5620.0,2006,6
376,Veracruz,184929,147173.0,2006,6
377,Yucatan,768,753.0,2006,6
378,Total,475015,381496.0,2006,6
379,Campeche,4950,4905.0,2006,7
380,Chiapas,96682,93406.0,2006,7
381,Guerrero,1445,1445.0,2006,7
382,Hidalgo,21875,21875.0,2006,7
383,Jalisco,1234,1037.0,2006,7
384,Nayarit,2256,2252.0,2006,7
385,Nuevo leon,2047,1410.0,2006,7
386,Oaxaca,45866,45149.0,2006,7
387,Puebla,45117,12827.0,2006,7
388,Queretaro,20,20.0,2006,7
389,Quintana roo,4533,4533.0,2006,7
390,San luis potosi,11271,10508.0,2006,7
391,Sinaloa,4342,3464.0,2006,7
392,Tabasco,39687,38427.0,2006,7
393,Tamaulipas,7954,6207.0,2006,7
394,Veracruz,184929,174683.0,2006,7
395,Yucatan,768,753.0,2006,7
396,Total,474976,422901.0,2006,7
397,Campeche,4950,4905.0,2006,8
398,Chiapas,96682,95306.0,2006,8
399,Guerrero,1445,1445.0,2006,8
400,Hidalgo,21875,21875.0,2006,8
401,Jalisco,1234,1234.0,2006,8
402,Nayarit,2256,2252.0,2006,8
403,Nuevo leon,2047,1422.0,2006,8
404,Oaxaca,45866,45149.0,2006,8
405,Puebla,45117,23472.0,2006,8
406,Queretaro,20,20.0,2006,8
407,Quintana roo,4533,4533.0,2006,8
408,San luis potosi,11271,10508.0,2006,8
409,Sinaloa,4342,3464.0,2006,8
410,Tabasco,39687,38427.0,2006,8
411,Tamaulipas,7954,6292.0,2006,8
412,Veracruz,184929,177463.0,2006,8
413,Yucatan,768,753.0,2006,8
414,Total,474976,438519.0,2006,8
415,Campeche,4950,4905.0,2006,9
416,Chiapas,96682,95306.0,2006,9
417,Guerrero,1445,1445.0,2006,9
418,Hidalgo,21875,21875.0,2006,9
419,Jalisco,1234,1234.0,2006,9
420,Nayarit,2256,2252.0,2006,9
421,Nuevo leon,2047,1422.0,2006,9
422,Oaxaca,45866,45149.0,2006,9
423,Puebla,33977,27707.0,2006,9
424,Queretaro,20,20.0,2006,9
425,Quintana roo,4533,4533.0,2006,9
426,San luis potosi,11271,10508.0,2006,9
427,Sinaloa,4342,3464.0,2006,9
428,Sonora,4,4.0,2006,9
429,Tabasco,39687,38427.0,2006,9
430,Tamaulipas,7954,6292.0,2006,9
431,Veracruz,184929,177463.0,2006,9
432,Yucatan,768,753.0,2006,9
433,Total,463840,442758.0,2006,9
434,Campeche,4950,4905.0,2006,12
435,Chiapas,96682,95306.0,2006,12
436,Guerrero,1445,1445.0,2006,12
437,Hidalgo,21875,21875.0,2006,12
438,Jalisco,1234,1234.0,2006,12
439,Nayarit,2256,2252.0,2006,12
440,Nuevo leon,2047,1422.0,2006,12
441,Oaxaca,45866,45149.0,2006,12
442,Puebla,33977,27707.0,2006,12
443,Queretaro,20,20.0,2006,12
444,Quintana roo,4533,4533.0,2006,12
445,San luis potosi,11271,10508.0,2006,12
446,Sinaloa,4342,3464.0,2006,12
447,Sonora,4,4.0,2006,12
448,Tabasco,39687,38427.0,2006,12
449,Tamaulipas,7954,6292.0,2006,12
450,Veracruz,184929,177463.0,2006,12
451,Yucatan,768,753.0,2006,12
452,Total,463840,442758.0,2006,12
453,Quintana roo,3321,1634.0,2007,1
454,Total,372655,1634.0,2007,1
455,Chiapas,100898,1624.0,2007,2
456,Nayarit,2251,55.0,2007,2
457,Oaxaca,56082,26150.0,2007,2
458,Quintana roo,3332,3064.0,2007,2
459,Sinaloa,4569,1437.0,2007,2
460,Tamaulipas,6605,570.0,2007,2
461,Veracruz,173612,371.0,2007,2
462,Total,447352,33271.0,2007,2
463,Campeche,2922,910.0,2007,3
464,Chiapas,100898,18568.0,2007,3
465,Guerrero,1542,596.0,2007,3
466,Nayarit,2251,55.0,2007,3
467,Oaxaca,56082,30289.0,2007,3
468,Quintana roo,3332,3068.0,2007,3
469,Sinaloa,4628,1437.0,2007,3
470,Tabasco,37972,8348.0,2007,3
471,Tamaulipas,6915,3200.0,2007,3
472,Veracruz,176053,18096.0,2007,3
473,Yucatan,540,300.0,2007,3
474,Total,455651,84866.0,2007,3
475,Campeche,3062,1860.0,2007,4
476,Chiapas,100898,32472.0,2007,4
477,Guerrero,1542,1453.0,2007,4
478,Hidalgo,22505,13694.0,2007,4
479,Jalisco,1168,588.0,2007,4
480,Nayarit,2251,694.0,2007,4
481,Oaxaca,46518,39575.0,2007,4
482,Quintana roo,3332,3068.0,2007,4
483,Sinaloa,11328,8442.0,2007,4
484,Tabasco,39152,19810.0,2007,4
485,Tamaulipas,7115,5699.0,2007,4
486,Veracruz,170505,44471.0,2007,4
487,Yucatan,540,520.0,2007,4
488,Total,449555,172345.0,2007,4
489,Campeche,4662,4277.0,2007,5
490,Chiapas,100730,72512.0,2007,5
491,Chihuahua,25,11.0,2007,5
492,Guerrero,1542,1542.0,2007,5
493,Hidalgo,22505,22243.0,2007,5
494,Jalisco,1168,1134.0,2007,5
495,Michoacan,625,130.0,2007,5
496,Nayarit,2251,1936.0,2007,5
497,Oaxaca,49253,47249.0,2007,5
498,Puebla,24591,1100.0,2007,5
499,Queretaro,15,15.0,2007,5
500,Quintana roo,3332,3068.0,2007,5
501,San luis potosi,10562,6107.0,2007,5
502,Sinaloa,11328,9743.0,2007,5
503,Tabasco,39152,30225.0,2007,5
504,Tamaulipas,7315,6300.0,2007,5
505,Veracruz,170905,106502.0,2007,5
506,Yucatan,540,529.0,2007,5
507,Total,454382,314622.0,2007,5
508,Campeche,5062,4977.0,2007,6
509,Chiapas,100730,96354.0,2007,6
510,Chihuahua,25,19.0,2007,6
511,Guerrero,1542,1542.0,2007,6
512,Hidalgo,22505,22363.0,2007,6
513,Jalisco,1168,1168.0,2007,6
514,Michoacan,625,300.0,2007,6
515,Nayarit,2251,2163.0,2007,6
516,Nuevo leon,3869,164.0,2007,6
517,Oaxaca,49253,49064.0,2007,6
518,Puebla,24591,16429.0,2007,6
519,Queretaro,15,15.0,2007,6
520,Quintana roo,3332,3068.0,2007,6
521,San luis potosi,10562,10446.0,2007,6
522,Sinaloa,11328,9743.0,2007,6
523,Tabasco,39152,35382.0,2007,6
524,Tamaulipas,7315,6310.0,2007,6
525,Veracruz,170905,154518.0,2007,6
526,Yucatan,540,529.0,2007,6
527,Total,454782,414554.0,2007,6
528,Campeche,5062,4977.0,2007,7
529,Chiapas,100730,100700.0,2007,7
530,Chihuahua,25,19.0,2007,7
531,Guerrero,1542,1542.0,2007,7
532,Hidalgo,22505,22500.0,2007,7
533,Jalisco,1168,1168.0,2007,7
534,Michoacan,625,300.0,2007,7
535,Nayarit,2251,2246.0,2007,7
536,Nuevo leon,3809,1584.0,2007,7
537,Oaxaca,49253,49064.0,2007,7
538,Puebla,24591,23787.0,2007,7
539,Queretaro,15,15.0,2007,7
540,Quintana roo,3332,3068.0,2007,7
541,San luis potosi,10562,10446.0,2007,7
542,Sinaloa,11328,11213.0,2007,7
543,Tabasco,39152,35382.0,2007,7
544,Tamaulipas,7315,6882.0,2007,7
545,Veracruz,170957,168620.0,2007,7
546,Yucatan,540,540.0,2007,7
547,Total,454774,444054.0,2007,7
548,Campeche,5062,4977.0,2007,8
549,Chiapas,100730,100700.0,2007,8
550,Chihuahua,25,19.0,2007,8
551,Guerrero,1542,1542.0,2007,8
552,Hidalgo,22505,22500.0,2007,8
553,Jalisco,1168,1168.0,2007,8
554,Michoacan,455,165.0,2007,8
555,Nayarit,2251,2246.0,2007,8
556,Nuevo leon,3809,2561.0,2007,8
557,Oaxaca,49253,49214.0,2007,8
558,Puebla,24591,24514.0,2007,8
559,Queretaro,15,15.0,2007,8
560,Quintana roo,3332,3068.0,2007,8
561,San luis potosi,10562,10446.0,2007,8
562,Sinaloa,11328,11213.0,2007,8
563,Tabasco,39152,36361.0,2007,8
564,Tamaulipas,7315,7136.0,2007,8
565,Veracruz,170957,170374.0,2007,8
566,Yucatan,540,540.0,2007,8
567,Total,454604,448760.0,2007,8
568,Campeche,5062,4977.0,2007,9
569,Chiapas,100730,100700.0,2007,9
570,Chihuahua,25,19.0,2007,9
571,Guerrero,1542,1542.0,2007,9
572,Hidalgo,22505,22500.0,2007,9
573,Jalisco,1168,1168.0,2007,9
574,Michoacan,455,455.0,2007,9
575,Nayarit,2251,2246.0,2007,9
576,Nuevo leon,3809,2569.0,2007,9
577,Oaxaca,49253,49214.0,2007,9
578,Puebla,24591,24514.0,2007,9
579,Queretaro,15,15.0,2007,9
580,Quintana roo,3332,3068.0,2007,9
581,San luis potosi,10562,10446.0,2007,9
582,Sinaloa,11328,11213.0,2007,9
583,Sonora,12,2.0,2007,9
584,Tabasco,39152,36361.0,2007,9
585,Tamaulipas,7315,7136.0,2007,9
586,Veracruz,170957,170374.0,2007,9
587,Yucatan,540,540.0,2007,9
588,Total,454606,449060.0,2007,9
589,Campeche,5062,4977.0,2007,12
590,Chiapas,100730,100700.0,2007,12
591,Chihuahua,25,19.0,2007,12
592,Guerrero,1542,1542.0,2007,12
593,Hidalgo,22505,22500.0,2007,12
594,Jalisco,1168,1168.0,2007,12
595,Michoacan,455,455.0,2007,12
596,Nayarit,2251,2246.0,2007,12
597,Nuevo leon,3809,2569.0,2007,12
598,Oaxaca,49253,49214.0,2007,12
599,Puebla,24591,24514.0,2007,12
600,Queretaro,15,15.0,2007,12
601,Quintana roo,3332,3068.0,2007,12
602,San luis potosi,10562,10446.0,2007,12
603,Sinaloa,11328,11213.0,2007,12
604,Sonora,12,2.0,2007,12
605,Tabasco,39152,36361.0,2007,12
606,Tamaulipas,7315,7136.0,2007,12
607,Veracruz,170957,170374.0,2007,12
608,Yucatan,540,540.0,2007,12
609,Total,454606,449060.0,2007,12
610,Chiapas,98120,52.0,2008,1
611,Oaxaca,46849,500.0,2008,1
612,Quintana roo,3320,839.0,2008,1
613,Total,398191,1391.0,2008,1
614,Chiapas,102102,3837.0,2008,2
615,Hidalgo,22406,351.0,2008,2
616,Oaxaca,49576,24695.0,2008,2
617,Quintana roo,3320,2206.0,2008,2
618,Sinaloa,3281,48.0,2008,2
619,Tabasco,35140,620.0,2008,2
620,Veracruz,205459,4484.0,2008,2
621,Total,469307,36241.0,2008,2
622,Chiapas,102332,15842.0,2008,3
623,Guerrero,1453,601.0,2008,3
624,Hidalgo,22435,2848.0,2008,3
625,Jalisco,1076,130.0,2008,3
626,Nayarit,1576,264.0,2008,3
627,Oaxaca,49593,36747.0,2008,3
628,Quintana roo,3320,2946.0,2008,3
629,San luis potosi,11938,319.0,2008,3
630,Sinaloa,3299,653.0,2008,3
631,Tabasco,35991,6816.0,2008,3
632,Veracruz,194722,3350.0,2008,3
633,Total,462477,70516.0,2008,3
634,Campeche,3882,1385.0,2008,4
635,Chiapas,102332,39228.0,2008,4
636,Guerrero,1453,1453.0,2008,4
637,Hidalgo,22435,13810.0,2008,4
638,Jalisco,1076,756.0,2008,4
639,Nayarit,1576,412.0,2008,4
640,Oaxaca,49593,42384.0,2008,4
641,Quintana roo,3320,2998.0,2008,4
642,San luis potosi,12162,5349.0,2008,4
643,Sinaloa,3299,1055.0,2008,4
644,Tabasco,37529,16394.0,2008,4
645,Tamaulipas,5349,510.0,2008,4
646,Veracruz,194722,18129.0,2008,4
647,Yucatan,500,500.0,2008,4
648,Total,464347,144363.0,2008,4
649,Campeche,3882,3752.0,2008,5
650,Chiapas,102332,83836.0,2008,5
651,Chihuahua,23,8.0,2008,5
652,Guerrero,1453,1453.0,2008,5
653,Hidalgo,22435,21133.0,2008,5
654,Jalisco,1076,1012.0,2008,5
655,Michoacan,148,140.0,2008,5
656,Nayarit,1576,1128.0,2008,5
657,Nuevo leon,505,105.0,2008,5
658,Oaxaca,49593,46564.0,2008,5
659,Puebla,24494,1040.0,2008,5
660,Quintana roo,3320,2998.0,2008,5
661,San luis potosi,12162,12034.0,2008,5
662,Sinaloa,3299,1110.0,2008,5
663,Tabasco,37839,25214.0,2008,5
664,Tamaulipas,5351,2128.0,2008,5
665,Veracruz,194947,86995.0,2008,5
666,Yucatan,500,500.0,2008,5
667,Total,464936,291150.0,2008,5
668,Campeche,5232,5102.0,2008,6
669,Chiapas,102332,89083.0,2008,6
670,Chihuahua,23,8.0,2008,6
671,Guerrero,1453,1453.0,2008,6
672,Hidalgo,22435,22323.0,2008,6
673,Jalisco,1076,1076.0,2008,6
674,Michoacan,148,140.0,2008,6
675,Nayarit,1576,1391.0,2008,6
676,Nuevo leon,505,266.0,2008,6
677,Oaxaca,49593,49413.0,2008,6
678,Puebla,24494,22077.0,2008,6
679,Quintana roo,3320,2998.0,2008,6
680,San luis potosi,12162,12034.0,2008,6
681,Sinaloa,3299,1128.0,2008,6
682,Tabasco,37839,32398.0,2008,6
683,Tamaulipas,5351,2354.0,2008,6
684,Veracruz,194947,155460.0,2008,6
685,Yucatan,500,500.0,2008,6
686,Total,466286,399204.0,2008,6
687,Campeche,5232,5102.0,2008,7
688,Chiapas,102332,97616.0,2008,7
689,Chihuahua,23,8.0,2008,7
690,Guerrero,1453,1453.0,2008,7
691,Hidalgo,22435,22435.0,2008,7
692,Jalisco,1076,1076.0,2008,7
693,Michoacan,148,140.0,2008,7
694,Nayarit,1576,1391.0,2008,7
695,Nuevo leon,505,301.0,2008,7
696,Oaxaca,49593,49593.0,2008,7
697,Puebla,24494,23910.0,2008,7
698,Quintana roo,3320,3320.0,2008,7
699,San luis potosi,12162,12034.0,2008,7
700,Sinaloa,3299,2038.0,2008,7
701,Tabasco,37839,36684.0,2008,7
702,Tamaulipas,5351,2418.0,2008,7
703,Veracruz,194947,169402.0,2008,7
704,Yucatan,500,500.0,2008,7
705,Total,466286,429422.0,2008,7
706,Campeche,5232,5102.0,2008,8
707,Chiapas,102332,99522.0,2008,8
708,Chihuahua,23,8.0,2008,8
709,Guerrero,1453,1453.0,2008,8
710,Hidalgo,22435,22435.0,2008,8
711,Jalisco,1076,1076.0,2008,8
712,Michoacan,148,140.0,2008,8
713,Nayarit,1576,1391.0,2008,8
714,Nuevo leon,505,301.0,2008,8
715,Oaxaca,49593,49593.0,2008,8
716,Puebla,24494,24434.0,2008,8
717,Quintana roo,3320,3320.0,2008,8
718,San luis potosi,12162,12034.0,2008,8
719,Sinaloa,3299,2720.0,2008,8
720,Tabasco,37839,36684.0,2008,8
721,Tamaulipas,5351,2447.0,2008,8
722,Veracruz,194947,170502.0,2008,8
723,Yucatan,500,500.0,2008,8
724,Total,466286,433662.0,2008,8
725,Campeche,5232,5102.0,2008,9
726,Chiapas,102332,99522.0,2008,9
727,Chihuahua,23,8.0,2008,9
728,Guerrero,1453,1453.0,2008,9
729,Hidalgo,22435,22435.0,2008,9
730,Jalisco,1076,1076.0,2008,9
731,Michoacan,148,148.0,2008,9
732,Nayarit,1576,1391.0,2008,9
733,Nuevo leon,505,301.0,2008,9
734,Oaxaca,49593,49593.0,2008,9
735,Puebla,24494,24494.0,2008,9
736,Quintana roo,3320,3320.0,2008,9
737,San luis potosi,12162,12034.0,2008,9
738,Sinaloa,3299,2720.0,2008,9
739,Tabasco,37839,36684.0,2008,9
740,Tamaulipas,5351,2447.0,2008,9
741,Veracruz,194947,172547.0,2008,9
742,Yucatan,500,500.0,2008,9
743,Total,466286,435776.0,2008,9
744,Campeche,5232,5102.0,2008,12
745,Chiapas,102332,99522.0,2008,12
746,Chihuahua,23,8.0,2008,12
747,Guerrero,1453,1453.0,2008,12
748,Hidalgo,22435,22435.0,2008,12
749,Jalisco,1076,1076.0,2008,12
750,Michoacan,148,148.0,2008,12
751,Nayarit,1576,1391.0,2008,12
752,Nuevo leon,505,301.0,2008,12
753,Oaxaca,49593,49593.0,2008,12
754,Puebla,24494,24494.0,2008,12
755,Quintana roo,3320,3320.0,2008,12
756,San luis potosi,12162,12034.0,2008,12
757,Sinaloa,3299,2720.0,2008,12
758,Tabasco,37839,36684.0,2008,12
759,Tamaulipas,5351,2447.0,2008,12
760,Veracruz,194947,172547.0,2008,12
761,Yucatan,500,500.0,2008,12
762,Total,466286,435776.0,2008,12
763,Chiapas,98900,890.0,2009,1
764,Oaxaca,44819,4020.0,2009,1
765,Quintana roo,3542,104.0,2009,1
766,Total,394728,5014.0,2009,1
767,Chiapas,102038,6152.0,2009,2
768,Hidalgo,22946,5955.0,2009,2
769,Jalisco,981,280.0,2009,2
770,Oaxaca,46984,15851.0,2009,2
771,Quintana roo,3631,794.0,2009,2
772,Veracruz,173502,7371.0,2009,2
773,Total,438106,36403.0,2009,2
774,Chiapas,102641,23888.0,2009,3
775,Guerrero,1461,589.0,2009,3
776,Hidalgo,23002,6399.0,2009,3
777,Jalisco,981,402.0,2009,3
778,Nayarit,3234,499.0,2009,3
779,Oaxaca,47009,22211.0,2009,3
780,Quintana roo,3631,2038.0,2009,3
781,Sinaloa,2994,427.0,2009,3
782,Tabasco,34010,3308.0,2009,3
783,Tamaulipas,7177,2566.0,2009,3
784,Veracruz,190458,10622.0,2009,3
785,Yucatan,512,500.0,2009,3
786,Total,458813,73450.0,2009,3
787,Campeche,4500,3515.0,2009,4
788,Chiapas,102641,46308.0,2009,4
789,Guerrero,1461,1461.0,2009,4
790,Hidalgo,23002,8622.0,2009,4
791,Jalisco,1181,724.0,2009,4
792,Michoacan,36,31.0,2009,4
793,Nayarit,3234,953.0,2009,4
794,Oaxaca,47034,37785.0,2009,4
795,Quintana roo,3631,3110.0,2009,4
796,San luis potosi,14031,8644.0,2009,4
797,Sinaloa,3139,2217.0,2009,4
798,Tabasco,34110,13410.0,2009,4
799,Tamaulipas,7177,6630.0,2009,4
800,Veracruz,190878,50938.0,2009,4
801,Yucatan,512,500.0,2009,4
802,Total,461195,184848.0,2009,4
803,Campeche,4650,3689.0,2009,5
804,Chiapas,102911,60786.0,2009,5
805,Guerrero,1461,1461.0,2009,5
806,Hidalgo,23002,21487.0,2009,5
807,Jalisco,1181,1121.0,2009,5
808,Michoacan,36,31.0,2009,5
809,Nayarit,3234,1594.0,2009,5
810,Oaxaca,47034,44880.0,2009,5
811,Quintana roo,3631,3299.0,2009,5
812,San luis potosi,14031,13876.0,2009,5
813,Sinaloa,3204,2217.0,2009,5
814,Tabasco,34110,32638.0,2009,5
815,Tamaulipas,7177,6880.0,2009,5
816,Veracruz,191242,95988.0,2009,5
817,Yucatan,512,500.0,2009,5
818,Total,462044,290448.0,2009,5
819,Campeche,4650,3694.0,2009,6
820,Chiapas,102911,75176.0,2009,6
821,Guerrero,1461,1461.0,2009,6
822,Hidalgo,23002,22983.0,2009,6
823,Jalisco,1181,1181.0,2009,6
824,Michoacan,36,36.0,2009,6
825,Nayarit,3234,3192.0,2009,6
826,Nuevo leon,1859,403.0,2009,6
827,Oaxaca,47034,46809.0,2009,6
828,Puebla,22757,13907.0,2009,6
829,Quintana roo,3631,3628.0,2009,6
830,San luis potosi,14031,13876.0,2009,6
831,Sinaloa,3204,2378.0,2009,6
832,Tabasco,34110,32718.0,2009,6
833,Tamaulipas,7177,6880.0,2009,6
834,Veracruz,191242,167962.0,2009,6
835,Yucatan,500,500.0,2009,6
836,Total,462032,396784.0,2009,6
837,Campeche,4650,3694.0,2009,7
838,Chiapas,102911,97046.0,2009,7
839,Guerrero,1461,1461.0,2009,7
840,Hidalgo,23002,23002.0,2009,7
841,Jalisco,1181,1181.0,2009,7
842,Michoacan,36,36.0,2009,7
843,Nayarit,3234,3192.0,2009,7
844,Nuevo leon,1859,839.0,2009,7
845,Oaxaca,47034,47034.0,2009,7
846,Puebla,22757,22312.0,2009,7
847,Quintana roo,3631,3631.0,2009,7
848,San luis potosi,14031,13876.0,2009,7
849,Sinaloa,3204,2698.0,2009,7
850,Tabasco,34110,32976.0,2009,7
851,Tamaulipas,7177,7088.0,2009,7
852,Veracruz,191242,181158.0,2009,7
853,Yucatan,500,500.0,2009,7
854,Total,462032,441724.0,2009,7
855,Campeche,4650,3804.0,2009,8
856,Chiapas,102911,99884.0,2009,8
857,Guerrero,1461,1461.0,2009,8
858,Hidalgo,23002,23002.0,2009,8
859,Jalisco,1181,1181.0,2009,8
860,Michoacan,36,36.0,2009,8
861,Nayarit,3234,3234.0,2009,8
862,Nuevo leon,1859,839.0,2009,8
863,Oaxaca,47034,47034.0,2009,8
864,Puebla,22757,22757.0,2009,8
865,Quintana roo,3631,3631.0,2009,8
866,San luis potosi,14031,13876.0,2009,8
867,Sinaloa,3204,2698.0,2009,8
868,Tabasco,34110,32976.0,2009,8
869,Tamaulipas,7177,7117.0,2009,8
870,Veracruz,191242,181218.0,2009,8
871,Yucatan,500,500.0,2009,8
872,Total,462032,445249.0,2009,8
873,Campeche,4650,4154.0,2009,9
874,Chiapas,102911,102911.0,2009,9
875,Guerrero,1461,1461.0,2009,9
876,Hidalgo,23002,23002.0,2009,9
877,Jalisco,1181,1181.0,2009,9
878,Michoacan,36,36.0,2009,9
879,Nayarit,3234,3234.0,2009,9
880,Nuevo leon,1859,839.0,2009,9
881,Oaxaca,47034,47034.0,2009,9
882,Puebla,22757,22757.0,2009,9
883,Quintana roo,3631,3631.0,2009,9
884,San luis potosi,14031,13876.0,2009,9
885,Sinaloa,3204,2835.0,2009,9
886,Tabasco,34110,32976.0,2009,9
887,Tamaulipas,7177,7117.0,2009,9
888,Veracruz,191242,189906.0,2009,9
889,Yucatan,500,500.0,2009,9
890,Total,462032,457450.0,2009,9
891,Campeche,4650,4154.0,2009,12
892,Chiapas,102911,102911.0,2009,12
893,Guerrero,1461,1461.0,2009,12
894,Hidalgo,23002,23002.0,2009,12
895,Jalisco,1181,1181.0,2009,12
896,Michoacan,36,36.0,2009,12
897,Nayarit,3234,3234.0,2009,12
898,Nuevo leon,1859,839.0,2009,12
899,Oaxaca,47034,47034.0,2009,12
900,Puebla,22757,22757.0,2009,12
901,Quintana roo,3631,3631.0,2009,12
902,San luis potosi,14031,13876.0,2009,12
903,Sinaloa,3204,2835.0,2009,12
904,Tabasco,34110,32976.0,2009,12
905,Tamaulipas,7177,7117.0,2009,12
906,Veracruz,191242,189906.0,2009,12
907,Yucatan,500,500.0,2009,12
908,Total,462032,457450.0,2009,12
909,Chiapas,93323,3500.0,2010,1
910,Oaxaca,43678,1019.0,2010,1
911,Quintana roo,3760,597.0,2010,1
912,Veracruz,160217,1134.0,2010,1
913,Yucatan,1302,320.0,2010,1
914,Total,395726,6570.0,2010,1
915,Campeche,5610,815.0,2010,2
916,Chiapas,101405,4481.0,2010,2
917,Hidalgo,19671,5610.0,2010,2
918,Oaxaca,44493,23992.0,2010,2
919,Quintana roo,3760,2306.0,2010,2
920,San luis potosi,12906,300.0,2010,2
921,Tabasco,34845,6593.0,2010,2
922,Veracruz,181650,2804.0,2010,2
923,Yucatan,1302,320.0,2010,2
924,Total,444369,47220.0,2010,2
925,Campeche,5640,2085.0,2010,3
926,Chiapas,101405,24426.0,2010,3
927,Guerrero,1453,647.0,2010,3
928,Hidalgo,22783,8902.0,2010,3
929,Jalisco,1483,200.0,2010,3
930,Nayarit,3242,74.0,2010,3
931,Oaxaca,44493,29060.0,2010,3
932,Quintana roo,3760,3620.0,2010,3
933,San luis potosi,13886,1480.0,2010,3
934,Tabasco,35137,13090.0,2010,3
935,Tamaulipas,3006,560.0,2010,3
936,Veracruz,183383,8777.0,2010,3
937,Yucatan,1302,920.0,2010,3
938,Total,452426,93842.0,2010,3
939,Campeche,5640,3782.0,2010,4
940,Chiapas,101405,46648.0,2010,4
941,Guerrero,1453,1453.0,2010,4
942,Hidalgo,22783,16616.0,2010,4
943,Jalisco,1483,1151.0,2010,4
944,Michoacan,136,136.0,2010,4
945,Nayarit,3242,74.0,2010,4
946,Oaxaca,44493,34307.0,2010,4
947,Quintana roo,3760,3760.0,2010,4
948,San luis potosi,13886,4394.0,2010,4
949,Sinaloa,902,259.0,2010,4
950,Tabasco,35427,22783.0,2010,4
951,Tamaulipas,4457,1950.0,2010,4
952,Veracruz,185023,47349.0,2010,4
953,Yucatan,1302,920.0,2010,4
954,Total,455889,185583.0,2010,4
955,Campeche,5640,4039.0,2010,5
956,Chiapas,101405,63206.0,2010,5
957,Chihuahua,34,20.0,2010,5
958,Guerrero,1453,1453.0,2010,5
959,Hidalgo,22783,20865.0,2010,5
960,Jalisco,1483,1266.0,2010,5
961,Michoacan,136,136.0,2010,5
962,Nayarit,3242,1795.0,2010,5
963,Oaxaca,44493,42570.0,2010,5
964,Puebla,29025,2160.0,2010,5
965,Quintana roo,3760,3760.0,2010,5
966,San luis potosi,13886,7479.0,2010,5
967,Sinaloa,902,587.0,2010,5
968,Tabasco,35554,30810.0,2010,5
969,Tamaulipas,4957,3666.0,2010,5
970,Veracruz,185523,134551.0,2010,5
971,Yucatan,1302,920.0,2010,5
972,Total,457016,319284.0,2010,5
973,Campeche,5640,4046.0,2010,6
974,Chiapas,101405,87226.0,2010,6
975,Chihuahua,34,20.0,2010,6
976,Guerrero,1453,1453.0,2010,6
977,Hidalgo,22783,22521.0,2010,6
978,Jalisco,1483,1418.0,2010,6
979,Michoacan,136,136.0,2010,6
980,Nayarit,3242,1858.0,2010,6
981,Nuevo leon,1412,1330.0,2010,6
982,Oaxaca,44493,43840.0,2010,6
983,Puebla,29025,19903.0,2010,6
984,Queretaro,10,10.0,2010,6
985,Quintana roo,3760,3760.0,2010,6
986,San luis potosi,13886,12080.0,2010,6
987,Sinaloa,902,882.0,2010,6
988,Tabasco,35554,35194.0,2010,6
989,Tamaulipas,4957,3916.0,2010,6
990,Veracruz,185523,169028.0,2010,6
991,Yucatan,1302,920.0,2010,6
992,Total,457016,409542.0,2010,6
993,Campeche,5640,4046.0,2010,7
994,Chiapas,101405,96293.0,2010,7
995,Chihuahua,34,20.0,2010,7
996,Guerrero,1453,1453.0,2010,7
997,Hidalgo,22783,22783.0,2010,7
998,Jalisco,1483,1478.0,2010,7
999,Michoacan,136,136.0,2010,7
1000,Nayarit,3242,2917.0,2010,7
1001,Nuevo leon,1412,1330.0,2010,7
1002,Oaxaca,44493,44200.0,2010,7
1003,Puebla,29025,25166.0,2010,7
1004,Queretaro,10,10.0,2010,7
1005,Quintana roo,3760,3760.0,2010,7
1006,San luis potosi,13886,12080.0,2010,7
1007,Sinaloa,902,902.0,2010,7
1008,Sonora,20,3.0,2010,7
1009,Tabasco,35554,35194.0,2010,7
1010,Tamaulipas,4957,4271.0,2010,7
1011,Veracruz,185523,181148.0,2010,7
1012,Yucatan,1302,920.0,2010,7
1013,Total,457019,438109.0,2010,7
1014,Campeche,5640,5541.0,2010,8
1015,Chiapas,101405,96945.0,2010,8
1016,Chihuahua,34,20.0,2010,8
1017,Guerrero,1453,1453.0,2010,8
1018,Hidalgo,22783,22783.0,2010,8
1019,Jalisco,1483,1478.0,2010,8
1020,Michoacan,136,136.0,2010,8
1021,Nayarit,3242,2917.0,2010,8
1022,Nuevo leon,1412,1346.0,2010,8
1023,Oaxaca,44493,44200.0,2010,8
1024,Puebla,29025,28528.0,2010,8
1025,Queretaro,10,10.0,2010,8
1026,Quintana roo,3760,3760.0,2010,8
1027,San luis potosi,13886,12080.0,2010,8
1028,Sinaloa,902,902.0,2010,8
1029,Sonora,20,3.0,2010,8
1030,Tabasco,35554,35194.0,2010,8
1031,Tamaulipas,4957,4631.0,2010,8
1032,Veracruz,185523,183274.0,2010,8
1033,Yucatan,1302,920.0,2010,8
1034,Total,457019,446122.0,2010,8
1035,Campeche,5640,5541.0,2010,9
1036,Chiapas,101405,101405.0,2010,9
1037,Chihuahua,34,20.0,2010,9
1038,Guerrero,1453,1453.0,2010,9
1039,Hidalgo,22783,22783.0,2010,9
1040,Jalisco,1483,1478.0,2010,9
1041,Michoacan,136,136.0,2010,9
1042,Nayarit,3242,2917.0,2010,9
1043,Nuevo leon,1412,1346.0,2010,9
1044,Oaxaca,44493,44200.0,2010,9
1045,Puebla,29025,28923.0,2010,9
1046,Queretaro,10,10.0,2010,9
1047,Quintana roo,3760,3760.0,2010,9
1048,San luis potosi,13886,12080.0,2010,9
1049,Sinaloa,902,902.0,2010,9
1050,Sonora,23,3.0,2010,9
1051,Tabasco,35554,35194.0,2010,9
1052,Tamaulipas,4957,4697.0,2010,9
1053,Veracruz,185523,183856.0,2010,9
1054,Yucatan,1302,920.0,2010,9
1055,Total,457022,451624.0,2010,9
1056,Campeche,5640,5541.0,2010,12
1057,Chiapas,101405,101405.0,2010,12
1058,Chihuahua,34,20.0,2010,12
1059,Guerrero,1453,1453.0,2010,12
1060,Hidalgo,22783,22783.0,2010,12
1061,Jalisco,1483,1478.0,2010,12
1062,Michoacan,136,136.0,2010,12
1063,Nayarit,3242,2917.0,2010,12
1064,Nuevo leon,1412,1346.0,2010,12
1065,Oaxaca,44493,44200.0,2010,12
1066,Puebla,29025,28923.0,2010,12
1067,Queretaro,10,10.0,2010,12
1068,Quintana roo,3760,3760.0,2010,12
1069,San luis potosi,13886,12080.0,2010,12
1070,Sinaloa,902,902.0,2010,12
1071,Sonora,23,3.0,2010,12
1072,Tabasco,35554,35194.0,2010,12
1073,Tamaulipas,4957,4697.0,2010,12
1074,Veracruz,185523,183856.0,2010,12
1075,Yucatan,1302,920.0,2010,12
1076,Total,457022,451624.0,2010,12
1077,Chiapas,94775,1830.0,2011,1
1078,Oaxaca,44943,1727.0,2011,1
1079,Quintana roo,3215,173.0,2011,1
1080,Veracruz,148290,541.0,2011,1
1081,Total,387078,4271.0,2011,1
1082,Campeche,4070,110.0,2011,2
1083,Chiapas,97464,4209.0,2011,2
1084,Hidalgo,19339,7309.0,2011,2
1085,Oaxaca,45463,3685.0,2011,2
1086,Quintana roo,3870,1954.0,2011,2
1087,Tabasco,35924,1892.0,2011,2
1088,Veracruz,177402,736.0,2011,2
1089,Total,435081,19895.0,2011,2
1090,Campeche,5850,725.0,2011,3
1091,Chiapas,97464,12275.0,2011,3
1092,Guerrero,1453,385.0,2011,3
1093,Hidalgo,19562,10780.0,2011,3
1094,Jalisco,785,205.0,2011,3
1095,Nayarit,3023,58.0,2011,3
1096,Oaxaca,45463,10764.0,2011,3
1097,Quintana roo,3870,3069.0,2011,3
1098,Tabasco,38532,14983.0,2011,3
1099,Tamaulipas,3741,205.0,2011,3
1100,Veracruz,182352,4802.0,2011,3
1101,Total,445867,58251.0,2011,3
1102,Campeche,5850,3215.0,2011,4
1103,Chiapas,100089,45294.0,2011,4
1104,Guerrero,1453,1453.0,2011,4
1105,Hidalgo,19562,13985.0,2011,4
1106,Jalisco,785,441.0,2011,4
1107,Michoacan,392,5.0,2011,4
1108,Nayarit,3023,542.0,2011,4
1109,Oaxaca,45463,32800.0,2011,4
1110,Quintana roo,3870,3400.0,2011,4
1111,San luis potosi,11923,2789.0,2011,4
1112,Sinaloa,2530,328.0,2011,4
1113,Tabasco,39232,22123.0,2011,4
1114,Tamaulipas,3741,875.0,2011,4
1115,Veracruz,182352,46659.0,2011,4
1116,Total,449573,173909.0,2011,4
1117,Campeche,5850,5200.0,2011,5
1118,Chiapas,100089,83609.0,2011,5
1119,Guerrero,1453,1453.0,2011,5
1120,Hidalgo,19562,15322.0,2011,5
1121,Jalisco,785,785.0,2011,5
1122,Michoacan,392,105.0,2011,5
1123,Nayarit,3023,1482.0,2011,5
1124,Oaxaca,45463,43816.0,2011,5
1125,Quintana roo,3870,3520.0,2011,5
1126,San luis potosi,11923,6973.0,2011,5
1127,Sinaloa,2530,328.0,2011,5
1128,Tabasco,39232,33430.0,2011,5
1129,Tamaulipas,3741,1366.0,2011,5
1130,Veracruz,182352,128111.0,2011,5
1131,Total,449773,325500.0,2011,5
1132,Campeche,5850,5750.0,2011,6
1133,Chiapas,100089,92616.0,2011,6
1134,Guerrero,1453,1453.0,2011,6
1135,Hidalgo,19562,18148.0,2011,6
1136,Jalisco,785,785.0,2011,6
1137,Michoacan,392,142.0,2011,6
1138,Nayarit,3023,2636.0,2011,6
1139,Nuevo leon,756,703.0,2011,6
1140,Oaxaca,45463,45103.0,2011,6
1141,Puebla,28524,18113.0,2011,6
1142,Quintana roo,3870,3520.0,2011,6
1143,San luis potosi,11923,11838.0,2011,6
1144,Sinaloa,3310,328.0,2011,6
1145,Tabasco,39232,39037.0,2011,6
1146,Tamaulipas,3741,1366.0,2011,6
1147,Veracruz,182982,152859.0,2011,6
1148,Total,451183,394397.0,2011,6
1149,Campeche,5850,5760.0,2011,7
1150,Chiapas,100089,100089.0,2011,7
1151,Guerrero,1453,1453.0,2011,7
1152,Hidalgo,19562,19562.0,2011,7
1153,Jalisco,785,785.0,2011,7
1154,Michoacan,392,142.0,2011,7
1155,Nayarit,3023,3023.0,2011,7
1156,Nuevo leon,756,756.0,2011,7
1157,Oaxaca,45463,45463.0,2011,7
1158,Puebla,28524,22600.0,2011,7
1159,Quintana roo,3870,3520.0,2011,7
1160,San luis potosi,11923,11838.0,2011,7
1161,Sinaloa,2530,328.0,2011,7
1162,Sonora,16,6.0,2011,7
1163,Tabasco,39232,39038.0,2011,7
1164,Tamaulipas,3741,1616.0,2011,7
1165,Veracruz,182982,162707.0,2011,7
1166,Total,450403,418686.0,2011,7
1167,Campeche,5850,5760.0,2011,8
1168,Chiapas,100089,100089.0,2011,8
1169,Guerrero,1453,1453.0,2011,8
1170,Hidalgo,19562,19562.0,2011,8
1171,Jalisco,785,785.0,2011,8
1172,Michoacan,392,142.0,2011,8
1173,Nayarit,3023,3023.0,2011,8
1174,Nuevo leon,756,756.0,2011,8
1175,Oaxaca,45463,45463.0,2011,8
1176,Puebla,28524,22913.0,2011,8
1177,Quintana roo,3870,3520.0,2011,8
1178,San luis potosi,11923,11838.0,2011,8
1179,Sinaloa,2530,1497.0,2011,8
1180,Sonora,16,6.0,2011,8
1181,Tabasco,39232,39038.0,2011,8
1182,Tamaulipas,3741,1616.0,2011,8
1183,Veracruz,182982,165744.0,2011,8
1184,Total,450403,423205.0,2011,8
1185,Campeche,5850,5760.0,2011,9
1186,Chiapas,100089,100089.0,2011,9
1187,Guerrero,1453,1453.0,2011,9
1188,Hidalgo,19562,19562.0,2011,9
1189,Jalisco,785,785.0,2011,9
1190,Michoacan,392,142.0,2011,9
1191,Nayarit,3023,3023.0,2011,9
1192,Nuevo leon,756,756.0,2011,9
1193,Oaxaca,45463,45463.0,2011,9
1194,Puebla,28524,22913.0,2011,9
1195,Quintana roo,3870,3520.0,2011,9
1196,San luis potosi,11923,11838.0,2011,9
1197,Sinaloa,2530,2397.0,2011,9
1198,Sonora,16,6.0,2011,9
1199,Tabasco,39232,39038.0,2011,9
1200,Tamaulipas,3741,1616.0,2011,9
1201,Veracruz,182982,165917.0,2011,9
1202,Total,450403,424278.0,2011,9
1203,Campeche,5850,5760.0,2011,12
1204,Chiapas,100089,100089.0,2011,12
1205,Guerrero,1453,1453.0,2011,12
1206,Hidalgo,19562,19562.0,2011,12
1207,Jalisco,785,785.0,2011,12
1208,Michoacan,392,142.0,2011,12
1209,Nayarit,3023,3023.0,2011,12
1210,Nuevo leon,756,756.0,2011,12
1211,Oaxaca,45463,45463.0,2011,12
1212,Puebla,28524,22913.0,2011,12
1213,Quintana roo,3870,3520.0,2011,12
1214,San luis potosi,11923,11838.0,2011,12
1215,Sinaloa,2530,2397.0,2011,12
1216,Sonora,16,6.0,2011,12
1217,Tabasco,39232,39038.0,2011,12
1218,Tamaulipas,3741,1616.0,2011,12
1219,Veracruz,182982,165917.0,2011,12
1220,Total,450403,424278.0,2011,12
1221,Chiapas,89986,5054.0,2012,1
1222,Quintana roo,1530,185.0,2012,1
1223,Total,397462,5239.0,2012,1
1224,Chiapas,89330,6421.0,2012,2
1225,Michoacan,144,120.0,2012,2
1226,Oaxaca,46238,5178.0,2012,2
1227,Quintana roo,1900,678.0,2012,2
1228,Veracruz,167535,389.0,2012,2
1229,Total,408701,12786.0,2012,2
1230,Campeche,4388,835.0,2012,3
1231,Chiapas,91943,6801.0,2012,3
1232,Guerrero,881,591.0,2012,3
1233,Hidalgo,23913,3363.0,2012,3
1234,Jalisco,739,20.0,2012,3
1235,Michoacan,144,131.0,2012,3
1236,Nayarit,979,57.0,2012,3
1237,Oaxaca,46238,20504.0,2012,3
1238,Quintana roo,3750,1530.0,2012,3
1239,Tabasco,41653,11127.0,2012,3
1240,Veracruz,194258,5485.0,2012,3
1241,Yucatan,211,200.0,2012,3
1242,Total,444649,50644.0,2012,3
1243,Campeche,4388,2523.0,2012,4
1244,Chiapas,93059,29953.0,2012,4
1245,Guerrero,1450,1300.0,2012,4
1246,Hidalgo,23913,9644.0,2012,4
1247,Jalisco,739,402.0,2012,4
1248,Michoacan,144,144.0,2012,4
1249,Nayarit,979,248.0,2012,4
1250,Nuevo leon,1041,150.0,2012,4
1251,Oaxaca,46238,35100.0,2012,4
1252,Puebla,20406,420.0,2012,4
1253,Quintana roo,3750,2537.0,2012,4
1254,San luis potosi,10139,1127.0,2012,4
1255,Tabasco,41653,23512.0,2012,4
1256,Veracruz,194258,55330.0,2012,4
1257,Yucatan,211,200.0,2012,4
1258,Total,446838,162590.0,2012,4
1259,Campeche,4388,2523.0,2012,5
1260,Chiapas,100781,57757.0,2012,5
1261,Chihuahua,33,8.0,2012,5
1262,Guerrero,1450,1450.0,2012,5
1263,Hidalgo,23913,22727.0,2012,5
1264,Jalisco,739,647.0,2012,5
1265,Michoacan,144,144.0,2012,5
1266,Nayarit,979,540.0,2012,5
1267,Nuevo leon,1066,150.0,2012,5
1268,Oaxaca,46238,44214.0,2012,5
1269,Puebla,20406,420.0,2012,5
1270,Quintana roo,3750,3750.0,2012,5
1271,San luis potosi,10139,9034.0,2012,5
1272,Sinaloa,2607,490.0,2012,5
1273,Tabasco,41653,33839.0,2012,5
1274,Tamaulipas,1777,810.0,2012,5
1275,Veracruz,194283,161262.0,2012,5
1276,Yucatan,211,200.0,2012,5
1277,Total,454610,339965.0,2012,5
1278,Campeche,4388,4008.0,2012,6
1279,Chiapas,100786,98082.0,2012,6
1280,Chihuahua,33,8.0,2012,6
1281,Guanajuato,42,42.0,2012,6
1282,Guerrero,1450,1450.0,2012,6
1283,Hidalgo,23913,23603.0,2012,6
1284,Jalisco,739,739.0,2012,6
1285,Michoacan,144,144.0,2012,6
1286,Nayarit,753,753.0,2012,6
1287,Nuevo leon,1066,273.0,2012,6
1288,Oaxaca,46238,46045.0,2012,6
1289,Puebla,20406,420.0,2012,6
1290,Quintana roo,3750,3750.0,2012,6
1291,San luis potosi,10139,9781.0,2012,6
1292,Sinaloa,6243,1168.0,2012,6
1293,Sonora,6,6.0,2012,6
1294,Tabasco,41653,40781.0,2012,6
1295,Tamaulipas,1777,1206.0,2012,6
1296,Veracruz,194283,186644.0,2012,6
1297,Yucatan,211,200.0,2012,6
1298,Total,458025,419105.0,2012,6
1299,Campeche,4388,4008.0,2012,7
1300,Chiapas,100786,98082.0,2012,7
1301,Chihuahua,33,8.0,2012,7
1302,Guanajuato,42,42.0,2012,7
1303,Guerrero,1450,1450.0,2012,7
1304,Hidalgo,23913,23603.0,2012,7
1305,Jalisco,739,739.0,2012,7
1306,Michoacan,144,144.0,2012,7
1307,Nayarit,753,753.0,2012,7
1308,Nuevo leon,1066,273.0,2012,7
1309,Oaxaca,46238,46045.0,2012,7
1310,Puebla,20406,420.0,2012,7
1311,Quintana roo,3750,3750.0,2012,7
1312,San luis potosi,10139,9781.0,2012,7
1313,Sinaloa,6243,1168.0,2012,7
1314,Sonora,6,6.0,2012,7
1315,Tabasco,41653,40781.0,2012,7
1316,Tamaulipas,1777,1206.0,2012,7
1317,Veracruz,194283,186644.0,2012,7
1318,Yucatan,211,200.0,2012,7
1319,Total,458025,419105.0,2012,7
1320,Campeche,5883,5768.0,2012,8
1321,Chiapas,100786,100786.0,2012,8
1322,Chihuahua,33,8.0,2012,8
1323,Guanajuato,42,42.0,2012,8
1324,Guerrero,1450,1450.0,2012,8
1325,Hidalgo,23913,23913.0,2012,8
1326,Jalisco,739,739.0,2012,8
1327,Michoacan,144,144.0,2012,8
1328,Nayarit,753,753.0,2012,8
1329,Nuevo leon,1066,278.0,2012,8
1330,Oaxaca,46238,46045.0,2012,8
1331,Puebla,20406,20406.0,2012,8
1332,Quintana roo,3750,3750.0,2012,8
1333,San luis potosi,10139,9799.0,2012,8
1334,Sinaloa,4816,1030.0,2012,8
1335,Sonora,6,6.0,2012,8
1336,Tabasco,41653,41475.0,2012,8
1337,Tamaulipas,1777,1719.0,2012,8
1338,Veracruz,194283,193517.0,2012,8
1339,Yucatan,211,200.0,2012,8
1340,Total,458093,451829.0,2012,8
1341,Campeche,5893,5773.0,2012,9
1342,Chiapas,100786,100786.0,2012,9
1343,Chihuahua,33,8.0,2012,9
1344,Guanajuato,42,42.0,2012,9
1345,Guerrero,1450,1450.0,2012,9
1346,Hidalgo,23913,23913.0,2012,9
1347,Jalisco,739,739.0,2012,9
1348,Michoacan,144,144.0,2012,9
1349,Nayarit,753,753.0,2012,9
1350,Nuevo leon,1066,278.0,2012,9
1351,Oaxaca,46238,46045.0,2012,9
1352,Puebla,20406,20406.0,2012,9
1353,Quintana roo,3750,3750.0,2012,9
1354,San luis potosi,10139,9799.0,2012,9
1355,Sinaloa,4816,1032.0,2012,9
1356,Sonora,6,6.0,2012,9
1357,Tabasco,41653,41475.0,2012,9
1358,Tamaulipas,1777,1719.0,2012,9
1359,Veracruz,194283,193518.0,2012,9
1360,Yucatan,211,200.0,2012,9
1361,Total,458103,451836.0,2012,9
1362,Campeche,5893,5773.0,2012,12
1363,Chiapas,100786,100786.0,2012,12
1364,Chihuahua,33,8.0,2012,12
1365,Guanajuato,42,42.0,2012,12
1366,Guerrero,1450,1450.0,2012,12
1367,Hidalgo,23913,23913.0,2012,12
1368,Jalisco,739,739.0,2012,12
1369,Michoacan,144,144.0,2012,12
1370,Nayarit,753,753.0,2012,12
1371,Nuevo leon,1066,278.0,2012,12
1372,Oaxaca,46238,46045.0,2012,12
1373,Puebla,20406,20406.0,2012,12
1374,Quintana roo,3750,3750.0,2012,12
1375,San luis potosi,10139,9799.0,2012,12
1376,Sinaloa,4816,1032.0,2012,12
1377,Sonora,6,6.0,2012,12
1378,Tabasco,41653,41475.0,2012,12
1379,Tamaulipas,1777,1719.0,2012,12
1380,Veracruz,194283,193518.0,2012,12
1381,Yucatan,211,200.0,2012,12
1382,Total,458103,451836.0,2012,12
1383,Campeche,6001,222.0,2013,1
1384,Chiapas,93395,6746.0,2013,1
1385,Oaxaca,46736,820.0,2013,1
1386,Quintana roo,2900,580.0,2013,1
1387,Total,394097,8369.0,2013,1
1388,Campeche,6001,548.0,2013,2
1389,Chiapas,96545,12541.0,2013,2
1390,Hidalgo,25657,98.0,2013,2
1391,Oaxaca,46926,5070.0,2013,2
1392,Quintana roo,3097,800.0,2013,2
1393,Tabasco,37802,110.0,2013,2
1394,Veracruz,166344,185.0,2013,2
1395,Total,423542,19352.0,2013,2
1396,Campeche,6001,834.0,2013,3
1397,Chiapas,96943,20150.0,2013,3
1398,Guerrero,1427,82.0,2013,3
1399,Hidalgo,25697,3427.0,2013,3
1400,Jalisco,814,427.0,2013,3
1401,Nayarit,1788,405.0,2013,3
1402,Oaxaca,46926,16686.0,2013,3
1403,Quintana roo,3097,2465.0,2013,3
1404,San luis potosi,10558,272.0,2013,3
1405,Tabasco,38292,7394.0,2013,3
1406,Veracruz,183394,3720.0,2013,3
1407,Yucatan,500,500.0,2013,3
1408,Total,442057,56363.0,2013,3
1409,Campeche,6001,4800.0,2013,4
1410,Chiapas,96943,26206.0,2013,4
1411,Guerrero,1427,557.0,2013,4
1412,Hidalgo,25697,15418.0,2013,4
1413,Jalisco,814,677.0,2013,4
1414,Michoacan,140,140.0,2013,4
1415,Nayarit,1707,616.0,2013,4
1416,Oaxaca,46926,35004.0,2013,4
1417,Quintana roo,3097,3027.0,2013,4
1418,San luis potosi,10558,6639.0,2013,4
1419,Sinaloa,2108,1090.0,2013,4
1420,Tabasco,38882,21533.0,2013,4
1421,Tamaulipas,6370,3745.0,2013,4
1422,Veracruz,185644,59329.0,2013,4
1423,Yucatan,500,500.0,2013,4
1424,Total,444816,179282.0,2013,4
1425,Campeche,6001,5922.0,2013,5
1426,Chiapas,96943,75780.0,2013,5
1427,Chihuahua,30,30.0,2013,5
1428,Guerrero,1427,1296.0,2013,5
1429,Hidalgo,25697,18954.0,2013,5
1430,Jalisco,814,814.0,2013,5
1431,Michoacan,140,140.0,2013,5
1432,Nayarit,1207,1207.0,2013,5
1433,Oaxaca,46926,45509.0,2013,5
1434,Quintana roo,3097,3097.0,2013,5
1435,San luis potosi,10558,10257.0,2013,5
1436,Sinaloa,1938,1609.0,2013,5
1437,Tabasco,38882,35981.0,2013,5
1438,Tamaulipas,6370,4902.0,2013,5
1439,Veracruz,185644,157140.0,2013,5
1440,Yucatan,500,500.0,2013,5
1441,Total,444147,363138.0,2013,5
1442,Campeche,6001,5922.0,2013,6
1443,Chiapas,96943,89812.0,2013,6
1444,Chihuahua,30,30.0,2013,6
1445,Guerrero,1427,1427.0,2013,6
1446,Hidalgo,25701,21816.0,2013,6
1447,Jalisco,814,814.0,2013,6
1448,Michoacan,140,140.0,2013,6
1449,Nayarit,1207,1207.0,2013,6
1450,Nuevo leon,354,4.0,2013,6
1451,Oaxaca,46926,46926.0,2013,6
1452,Puebla,17618,3707.0,2013,6
1453,Quintana roo,3097,3097.0,2013,6
1454,San luis potosi,10558,10327.0,2013,6
1455,Sinaloa,1938,1609.0,2013,6
1456,Sonora,6,6.0,2013,6
1457,Tabasco,38882,38116.0,2013,6
1458,Tamaulipas,6370,5117.0,2013,6
1459,Veracruz,185644,170503.0,2013,6
1460,Yucatan,500,500.0,2013,6
1461,Total,444157,401081.0,2013,6
1462,Campeche,6001,5922.0,2013,7
1463,Chiapas,96943,96943.0,2013,7
1464,Chihuahua,30,30.0,2013,7
1465,Guerrero,1427,1427.0,2013,7
1466,Hidalgo,25701,25701.0,2013,7
1467,Jalisco,819,819.0,2013,7
1468,Michoacan,140,140.0,2013,7
1469,Nayarit,1207,1207.0,2013,7
1470,Nuevo leon,354,4.0,2013,7
1471,Oaxaca,46926,46926.0,2013,7
1472,Puebla,17618,16244.0,2013,7
1473,Quintana roo,3097,3097.0,2013,7
1474,San luis potosi,10558,10327.0,2013,7
1475,Sinaloa,1938,1609.0,2013,7
1476,Sonora,6,6.0,2013,7
1477,Tabasco,38882,38116.0,2013,7
1478,Tamaulipas,6370,5117.0,2013,7
1479,Veracruz,185644,181954.0,2013,7
1480,Yucatan,500,500.0,2013,7
1481,Total,444162,436090.0,2013,7
1482,Campeche,6001,5922.0,2013,8
1483,Chiapas,96943,96943.0,2013,8
1484,Chihuahua,30,30.0,2013,8
1485,Guerrero,1427,1427.0,2013,8
1486,Hidalgo,25701,25701.0,2013,8
1487,Jalisco,819,819.0,2013,8
1488,Michoacan,140,140.0,2013,8
1489,Nayarit,1207,1207.0,2013,8
1490,Nuevo leon,354,4.0,2013,8
1491,Oaxaca,46926,46926.0,2013,8
1492,Puebla,17618,16776.0,2013,8
1493,Quintana roo,3097,3097.0,2013,8
1494,San luis potosi,10558,10327.0,2013,8
1495,Sinaloa,1938,1928.0,2013,8
1496,Sonora,6,6.0,2013,8
1497,Tabasco,38882,38116.0,2013,8
1498,Tamaulipas,6370,5117.0,2013,8
1499,Veracruz,185644,182729.0,2013,8
1500,Yucatan,500,500.0,2013,8
1501,Total,444162,437716.0,2013,8
1502,Campeche,6001,5932.0,2013,9
1503,Chiapas,96943,96943.0,2013,9
1504,Chihuahua,30,30.0,2013,9
1505,Guerrero,1427,1427.0,2013,9
1506,Hidalgo,25701,25701.0,2013,9
1507,Jalisco,819,819.0,2013,9
1508,Michoacan,140,140.0,2013,9
1509,Nayarit,1207,1207.0,2013,9
1510,Nuevo leon,354,4.0,2013,9
1511,Oaxaca,46926,46926.0,2013,9
1512,Puebla,17618,17391.0,2013,9
1513,Quintana roo,3097,3097.0,2013,9
1514,San luis potosi,10558,10327.0,2013,9
1515,Sinaloa,1938,1928.0,2013,9
1516,Sonora,6,6.0,2013,9
1517,Tabasco,38882,38116.0,2013,9
1518,Tamaulipas,6370,5255.0,2013,9
1519,Veracruz,185644,184979.0,2013,9
1520,Yucatan,500,500.0,2013,9
1521,Total,444162,440728.0,2013,9
1522,Campeche,6001,5932.0,2013,12
1523,Chiapas,96943,96943.0,2013,12
1524,Chihuahua,30,30.0,2013,12
1525,Guerrero,1427,1427.0,2013,12
1526,Hidalgo,25701,25701.0,2013,12
1527,Jalisco,819,819.0,2013,12
1528,Michoacan,140,140.0,2013,12
1529,Nayarit,1207,1207.0,2013,12
1530,Nuevo leon,354,4.0,2013,12
1531,Oaxaca,46926,46926.0,2013,12
1532,Puebla,17618,17391.0,2013,12
1533,Quintana roo,3097,3097.0,2013,12
1534,San luis potosi,10558,10327.0,2013,12
1535,Sinaloa,1938,1928.0,2013,12
1536,Sonora,6,6.0,2013,12
1537,Tabasco,38882,38116.0,2013,12
1538,Tamaulipas,6370,5255.0,2013,12
1539,Veracruz,185644,184979.0,2013,12
1540,Yucatan,500,500.0,2013,12
1541,Total,444162,440728.0,2013,12
1542,Oaxaca,47741,71.0,2014,1
1543,Quintana roo,3980,450.0,2014,1
1544,Sinaloa,1629,80.0,2014,1
1545,Veracruz,174642,117.0,2014,1
1546,Total,400940,718.0,2014,1
1547,Chiapas,99206,680.0,2014,2
1548,Oaxaca,47741,4684.0,2014,2
1549,Quintana roo,4330,2380.0,2014,2
1550,San luis potosi,7994,2121.0,2014,2
1551,Sinaloa,1629,80.0,2014,2
1552,Tabasco,26586,70.0,2014,2
1553,Veracruz,183414,442.0,2014,2
1554,Yucatan,530,300.0,2014,2
1555,Total,419946,10757.0,2014,2
1556,Chiapas,99206,680.0,2014,3
1557,Oaxaca,47741,4684.0,2014,3
1558,Quintana roo,4330,2380.0,2014,3
1559,San luis potosi,7994,2121.0,2014,3
1560,Sinaloa,1629,80.0,2014,3
1561,Tabasco,26586,70.0,2014,3
1562,Veracruz,183414,442.0,2014,3
1563,Yucatan,530,300.0,2014,3
1564,Total,419946,10757.0,2014,3
1565,Campeche,7812,1726.0,2014,4
1566,Chiapas,99699,38854.0,2014,4
1567,Chihuahua,42,26.0,2014,4
1568,Hidalgo,25764,9572.0,2014,4
1569,Jalisco,870,431.0,2014,4
1570,Michoacan,170,89.0,2014,4
1571,Nayarit,1441,1120.0,2014,4
1572,Nuevo leon,1438,293.0,2014,4
1573,Oaxaca,49045,26742.0,2014,4
1574,Quintana roo,4330,4330.0,2014,4
1575,San luis potosi,8653,6688.0,2014,4
1576,Sinaloa,1629,80.0,2014,4
1577,Tabasco,32512,14479.0,2014,4
1578,Tamaulipas,6064,3830.0,2014,4
1579,Veracruz,184230,44518.0,2014,4
1580,Yucatan,530,500.0,2014,4
1581,Total,444028,153278.0,2014,4
1582,Campeche,7812,5937.0,2014,5
1583,Chiapas,99699,79067.0,2014,5
1584,Chihuahua,42,29.0,2014,5
1585,Guerrero,1699,628.0,2014,5
1586,Hidalgo,25764,20064.0,2014,5
1587,Jalisco,870,698.0,2014,5
1588,Michoacan,170,89.0,2014,5
1589,Nayarit,1441,1308.0,2014,5
1590,Nuevo leon,1438,343.0,2014,5
1591,Oaxaca,49045,48605.0,2014,5
1592,Puebla,18100,286.0,2014,5
1593,Quintana roo,4330,4330.0,2014,5
1594,San luis potosi,8653,8004.0,2014,5
1595,Sinaloa,1629,368.0,2014,5
1596,Tabasco,32572,28500.0,2014,5
1597,Tamaulipas,6064,5043.0,2014,5
1598,Veracruz,184230,132584.0,2014,5
1599,Yucatan,530,500.0,2014,5
1600,Total,444088,336382.0,2014,5
1601,Campeche,7812,7492.0,2014,6
1602,Chiapas,99699,98900.0,2014,6
1603,Chihuahua,42,29.0,2014,6
1604,Guerrero,1699,1429.0,2014,6
1605,Hidalgo,25764,20784.0,2014,6
1606,Jalisco,870,870.0,2014,6
1607,Michoacan,170,134.0,2014,6
1608,Nayarit,1441,1308.0,2014,6
1609,Nuevo leon,1438,1332.0,2014,6
1610,Oaxaca,49045,49045.0,2014,6
1611,Puebla,18100,5209.0,2014,6
1612,Quintana roo,4330,4330.0,2014,6
1613,San luis potosi,8653,8653.0,2014,6
1614,Sinaloa,1629,894.0,2014,6
1615,Tabasco,32572,30178.0,2014,6
1616,Tamaulipas,6064,5603.0,2014,6
1617,Veracruz,184230,166823.0,2014,6
1618,Yucatan,530,500.0,2014,6
1619,Total,444088,403514.0,2014,6
1620,Campeche,7812,7796.0,2014,7
1621,Chiapas,99699,99699.0,2014,7
1622,Chihuahua,42,29.0,2014,7
1623,Guerrero,1699,1699.0,2014,7
1624,Hidalgo,25764,25764.0,2014,7
1625,Jalisco,870,870.0,2014,7
1626,Michoacan,170,134.0,2014,7
1627,Nayarit,1441,1308.0,2014,7
1628,Nuevo leon,1438,1332.0,2014,7
1629,Oaxaca,49045,49045.0,2014,7
1630,Puebla,18100,15848.0,2014,7
1631,Quintana roo,4330,4330.0,2014,7
1632,San luis potosi,8653,8653.0,2014,7
1633,Sinaloa,1629,894.0,2014,7
1634,Tabasco,32572,30178.0,2014,7
1635,Tamaulipas,6064,5640.0,2014,7
1636,Veracruz,184230,180459.0,2014,7
1637,Yucatan,530,530.0,2014,7
1638,Total,444088,434209.0,2014,7
1639,Campeche,7812,7796.0,2014,8
1640,Chiapas,99699,99699.0,2014,8
1641,Chihuahua,42,29.0,2014,8
1642,Guerrero,1699,1699.0,2014,8
1643,Hidalgo,25764,25764.0,2014,8
1644,Jalisco,870,870.0,2014,8
1645,Michoacan,170,134.0,2014,8
1646,Nayarit,1441,1308.0,2014,8
1647,Nuevo leon,1438,1438.0,2014,8
1648,Oaxaca,49045,49045.0,2014,8
1649,Puebla,18100,16314.0,2014,8
1650,Quintana roo,4330,4330.0,2014,8
1651,San luis potosi,8653,8653.0,2014,8
1652,Sinaloa,1629,931.0,2014,8
1653,Tabasco,32572,30178.0,2014,8
1654,Tamaulipas,6064,5924.0,2014,8
1655,Veracruz,184230,182597.0,2014,8
1656,Yucatan,530,530.0,2014,8
1657,Total,444088,437240.0,2014,8
1658,Campeche,7812,7796.0,2014,9
1659,Chiapas,99699,99699.0,2014,9
1660,Chihuahua,42,29.0,2014,9
1661,Guerrero,1699,1699.0,2014,9
1662,Hidalgo,25764,25764.0,2014,9
1663,Jalisco,870,870.0,2014,9
1664,Michoacan,170,134.0,2014,9
1665,Nayarit,1441,1308.0,2014,9
1666,Nuevo leon,1438,1438.0,2014,9
1667,Oaxaca,49045,49045.0,2014,9
1668,Puebla,18100,16584.0,2014,9
1669,Quintana roo,4330,4330.0,2014,9
1670,San luis potosi,8653,8653.0,2014,9
1671,Sinaloa,1629,931.0,2014,9
1672,Tabasco,32572,30178.0,2014,9
1673,Tamaulipas,6064,5924.0,2014,9
1674,Veracruz,184230,183790.0,2014,9
1675,Yucatan,530,530.0,2014,9
1676,Total,444088,438703.0,2014,9
1677,Campeche,7812,7796.0,2014,12
1678,Chiapas,99699,99699.0,2014,12
1679,Chihuahua,42,29.0,2014,12
1680,Guerrero,1699,1699.0,2014,12
1681,Hidalgo,25764,25764.0,2014,12
1682,Jalisco,870,870.0,2014,12
1683,Michoacan,170,134.0,2014,12
1684,Nayarit,1441,1308.0,2014,12
1685,Nuevo leon,1438,1438.0,2014,12
1686,Oaxaca,49045,49045.0,2014,12
1687,Puebla,18100,16584.0,2014,12
1688,Quintana roo,4330,4330.0,2014,12
1689,San luis potosi,8653,8653.0,2014,12
1690,Sinaloa,1629,931.0,2014,12
1691,Tabasco,32572,30178.0,2014,12
1692,Tamaulipas,6064,5924.0,2014,12
1693,Veracruz,184230,183790.0,2014,12
1694,Yucatan,530,530.0,2014,12
1695,Total,444088,438703.0,2014,12
1696,Oaxaca,48511,76.0,2015,1
1697,San luis potosi,12176,350.0,2015,1
1698,Total,399227,426.0,2015,1
1699,Michoacan,475,30.0,2015,2
1700,Oaxaca,48511,4447.0,2015,2
1701,San luis potosi,12986,2956.0,2015,2
1702,Tabasco,31125,906.0,2015,2
1703,Veracruz,192143,846.0,2015,2
1704,Total,462798,9185.0,2015,2
1705,Chiapas,100066,10968.0,2015,3
1706,Michoacan,1777,443.0,2015,3
1707,Oaxaca,48511,14175.0,2015,3
1708,Quintana roo,5500,470.0,2015,3
1709,San luis potosi,12986,7681.0,2015,3
1710,Sinaloa,2811,225.0,2015,3
1711,Tabasco,37903,7945.0,2015,3
1712,Tamaulipas,13811,114.0,2015,3
1713,Veracruz,197813,4414.0,2015,3
1714,Yucatan,507,495.0,2015,3
1715,Total,478790,46930.0,2015,3
1716,Campeche,8308,6271.0,2015,4
1717,Chiapas,100066,24833.0,2015,4
1718,Guerrero,2325,217.0,2015,4
1719,Hidalgo,25621,12815.0,2015,4
1720,Jalisco,883,273.0,2015,4
1721,Michoacan,1777,538.0,2015,4
1722,Nayarit,1407,22.0,2015,4
1723,Oaxaca,48511,31604.0,2015,4
1724,Quintana roo,5500,2383.0,2015,4
1725,San luis potosi,12986,9187.0,2015,4
1726,Sinaloa,2811,225.0,2015,4
1727,Tabasco,37903,19851.0,2015,4
1728,Tamaulipas,13811,2064.0,2015,4
1729,Veracruz,197813,43531.0,2015,4
1730,Yucatan,507,495.0,2015,4
1731,Total,479192,154308.0,2015,4
1732,Campeche,8308,8210.0,2015,5
1733,Chiapas,100066,92096.0,2015,5
1734,Chihuahua,25,25.0,2015,5
1735,Guerrero,2325,1531.0,2015,5
1736,Hidalgo,25621,19271.0,2015,5
1737,Jalisco,883,724.0,2015,5
1738,Michoacan,1777,538.0,2015,5
1739,Nayarit,1407,1023.0,2015,5
1740,Oaxaca,48511,47856.0,2015,5
1741,Puebla,18426,112.0,2015,5
1742,Quintana roo,5500,3245.0,2015,5
1743,San luis potosi,12986,11933.0,2015,5
1744,Sinaloa,2811,1020.0,2015,5
1745,Tabasco,37903,31836.0,2015,5
1746,Tamaulipas,13811,9125.0,2015,5
1747,Veracruz,197813,125361.0,2015,5
1748,Yucatan,507,495.0,2015,5
1749,Total,479192,354399.0,2015,5
1750,Campeche,8308,8286.0,2015,6
1751,Chiapas,100066,100066.0,2015,6
1752,Chihuahua,25,25.0,2015,6
1753,Guerrero,2325,2325.0,2015,6
1754,Hidalgo,25621,20647.0,2015,6
1755,Jalisco,883,841.0,2015,6
1756,Michoacan,1777,538.0,2015,6
1757,Nayarit,1407,1159.0,2015,6
1758,Nuevo leon,455,50.0,2015,6
1759,Oaxaca,48511,48391.0,2015,6
1760,Puebla,18426,4723.0,2015,6
1761,Quintana roo,5500,5300.0,2015,6
1762,San luis potosi,12986,12619.0,2015,6
1763,Sinaloa,2811,2603.0,2015,6
1764,Sonora,56,56.0,2015,6
1765,Tabasco,37903,36463.0,2015,6
1766,Tamaulipas,13811,10060.0,2015,6
1767,Veracruz,197813,185619.0,2015,6
1768,Yucatan,507,495.0,2015,6
1769,Total,479192,440267.0,2015,6
1770,Campeche,8308,8286.0,2015,7
1771,Chiapas,100066,100066.0,2015,7
1772,Chihuahua,25,25.0,2015,7
1773,Guerrero,2325,2325.0,2015,7
1774,Hidalgo,25621,25445.0,2015,7
1775,Jalisco,883,841.0,2015,7
1776,Michoacan,1777,538.0,2015,7
1777,Nayarit,1407,1159.0,2015,7
1778,Nuevo leon,455,385.0,2015,7
1779,Oaxaca,48511,48391.0,2015,7
1780,Puebla,18426,16268.0,2015,7
1781,Quintana roo,5500,5500.0,2015,7
1782,San luis potosi,12986,12891.0,2015,7
1783,Sinaloa,2811,2811.0,2015,7
1784,Sonora,56,56.0,2015,7
1785,Tabasco,37903,37428.0,2015,7
1786,Tamaulipas,13811,13038.0,2015,7
1787,Veracruz,197813,195442.0,2015,7
1788,Yucatan,507,495.0,2015,7
1789,Total,479192,471392.0,2015,7
1790,Campeche,8308,8286.0,2015,8
1791,Chiapas,100066,100066.0,2015,8
1792,Chihuahua,25,25.0,2015,8
1793,Guerrero,2325,2325.0,2015,8
1794,Hidalgo,25621,25445.0,2015,8
1795,Jalisco,883,841.0,2015,8
1796,Michoacan,1777,598.0,2015,8
1797,Nayarit,1407,1159.0,2015,8
1798,Nuevo leon,455,408.0,2015,8
1799,Oaxaca,48511,48391.0,2015,8
1800,Puebla,18426,18018.0,2015,8
1801,Quintana roo,5500,5500.0,2015,8
1802,San luis potosi,12986,12986.0,2015,8
1803,Sinaloa,2811,2811.0,2015,8
1804,Sonora,56,56.0,2015,8
1805,Tabasco,37903,37428.0,2015,8
1806,Tamaulipas,13811,13706.0,2015,8
1807,Veracruz,197813,195508.0,2015,8
1808,Yucatan,507,495.0,2015,8
1809,Total,479192,474053.0,2015,8
1810,Campeche,8308,8286.0,2015,9
1811,Chiapas,100066,100066.0,2015,9
1812,Chihuahua,25,25.0,2015,9
1813,Guerrero,2325,2325.0,2015,9
1814,Hidalgo,25621,25445.0,2015,9
1815,Jalisco,883,841.0,2015,9
1816,Michoacan,1777,598.0,2015,9
1817,Nayarit,1407,1159.0,2015,9
1818,Nuevo leon,455,420.0,2015,9
1819,Oaxaca,48511,48391.0,2015,9
1820,Puebla,18426,18412.0,2015,9
1821,Quintana roo,5500,5500.0,2015,9
1822,San luis potosi,12986,12986.0,2015,9
1823,Sinaloa,2811,2811.0,2015,9
1824,Sonora,56,56.0,2015,9
1825,Tabasco,37903,37428.0,2015,9
1826,Tamaulipas,13811,13806.0,2015,9
1827,Veracruz,197813,196385.0,2015,9
1828,Yucatan,507,507.0,2015,9
1829,Total,479192,475448.0,2015,9
1830,Campeche,8308,8286.0,2015,12
1831,Chiapas,100066,100066.0,2015,12
1832,Chihuahua,25,25.0,2015,12
1833,Guerrero,2325,2325.0,2015,12
1834,Hidalgo,25621,25445.0,2015,12
1835,Jalisco,883,841.0,2015,12
1836,Michoacan,1777,598.0,2015,12
1837,Nayarit,1407,1159.0,2015,12
1838,Nuevo leon,455,420.0,2015,12
1839,Oaxaca,48511,48391.0,2015,12
1840,Puebla,18426,18412.0,2015,12
1841,Quintana roo,5500,5500.0,2015,12
1842,San luis potosi,12986,12986.0,2015,12
1843,Sinaloa,2811,2811.0,2015,12
1844,Sonora,56,56.0,2015,12
1845,Tabasco,37903,37428.0,2015,12
1846,Tamaulipas,13811,13806.0,2015,12
1847,Veracruz,197813,196385.0,2015,12
1848,Yucatan,507,507.0,2015,12
1849,Total,479192,475448.0,2015,12
1850,Oaxaca,47224,84.0,2016,1
1851,San luis potosi,10288,2355.0,2016,1
1852,Total,407980,2439.0,2016,1
1853,Oaxaca,47224,3481.0,2016,2
1854,Quintana roo,4835,675.0,2016,2
1855,San luis potosi,10941,4095.0,2016,2
1856,Tabasco,27031,340.0,2016,2
1857,Tamaulipas,22802,20.0,2016,2
1858,Veracruz,198907,7039.0,2016,2
1859,Yucatan,510,342.0,2016,2
1860,Total,471731,15992.0,2016,2
1861,Campeche,8983,1356.0,2016,3
1862,Chiapas,100713,8225.0,2016,3
1863,Guerrero,2433,414.0,2016,3
1864,Oaxaca,47224,10196.0,2016,3
1865,Quintana roo,5235,1985.0,2016,3
1866,San luis potosi,12155,7380.0,2016,3
1867,Sinaloa,2607,280.0,2016,3
1868,Tabasco,34070,3648.0,2016,3
1869,Tamaulipas,23835,400.0,2016,3
1870,Veracruz,192090,11656.0,2016,3
1871,Yucatan,510,342.0,2016,3
1872,Total,477289,45882.0,2016,3
1873,Campeche,8983,7964.0,2016,4
1874,Chiapas,100713,26664.0,2016,4
1875,Guerrero,2433,594.0,2016,4
1876,Hidalgo,25578,17761.0,2016,4
1877,Jalisco,913,155.0,2016,4
1878,Nayarit,1105,136.0,2016,4
1879,Oaxaca,47224,29618.0,2016,4
1880,Quintana roo,5235,2215.0,2016,4
1881,San luis potosi,12155,8948.0,2016,4
1882,Sinaloa,2607,1797.0,2016,4
1883,Tabasco,34072,19142.0,2016,4
1884,Tamaulipas,23835,5626.0,2016,4
1885,Veracruz,192090,43124.0,2016,4
1886,Yucatan,510,342.0,2016,4
1887,Total,477290,164085.0,2016,4
1888,Campeche,8983,8843.0,2016,5
1889,Chiapas,100713,82171.0,2016,5
1890,Chihuahua,26,26.0,2016,5
1891,Guerrero,2433,1097.0,2016,5
1892,Hidalgo,25578,20304.0,2016,5
1893,Jalisco,913,516.0,2016,5
1894,Nayarit,1105,880.0,2016,5
1895,Nuevo leon,772,59.0,2016,5
1896,Oaxaca,47224,42504.0,2016,5
1897,Puebla,19028,118.0,2016,5
1898,Quintana roo,5235,3087.0,2016,5
1899,San luis potosi,12155,9905.0,2016,5
1900,Sinaloa,2607,2235.0,2016,5
1901,Tabasco,34072,31172.0,2016,5
1902,Tamaulipas,23835,19350.0,2016,5
1903,Veracruz,192090,140033.0,2016,5
1904,Yucatan,510,342.0,2016,5
1905,Total,477290,362642.0,2016,5
1906,Campeche,8983,8970.0,2016,6
1907,Chiapas,100713,99523.0,2016,6
1908,Chihuahua,26,26.0,2016,6
1909,Guerrero,2433,2433.0,2016,6
1910,Hidalgo,25578,24258.0,2016,6
1911,Jalisco,913,913.0,2016,6
1912,Nayarit,1105,1086.0,2016,6
1913,Nuevo leon,772,496.0,2016,6
1914,Oaxaca,47224,47224.0,2016,6
1915,Puebla,19028,9670.0,2016,6
1916,Quintana roo,5235,4915.0,2016,6
1917,San luis potosi,12155,12153.0,2016,6
1918,Sinaloa,2607,2607.0,2016,6
1919,Tabasco,34072,33616.0,2016,6
1920,Tamaulipas,23835,19404.0,2016,6
1921,Veracruz,192090,167793.0,2016,6
1922,Yucatan,510,342.0,2016,6
1923,Total,477290,435428.0,2016,6
1924,Campeche,8983,8970.0,2016,7
1925,Chiapas,100713,100713.0,2016,7
1926,Chihuahua,26,26.0,2016,7
1927,Guerrero,2433,2433.0,2016,7
1928,Hidalgo,25578,25490.0,2016,7
1929,Jalisco,913,913.0,2016,7
1930,Nayarit,1105,1105.0,2016,7
1931,Nuevo leon,772,586.0,2016,7
1932,Oaxaca,47224,47224.0,2016,7
1933,Puebla,19028,16825.0,2016,7
1934,Quintana roo,5235,5235.0,2016,7
1935,San luis potosi,12155,12153.0,2016,7
1936,Sinaloa,2607,2607.0,2016,7
1937,Sonora,12,12.0,2016,7
1938,Tabasco,34072,33916.0,2016,7
1939,Tamaulipas,23835,21851.0,2016,7
1940,Veracruz,192090,186933.0,2016,7
1941,Yucatan,510,342.0,2016,7
1942,Total,477290,467334.0,2016,7
1943,Campeche,8983,8970.0,2016,8
1944,Chiapas,100713,100713.0,2016,8
1945,Chihuahua,26,26.0,2016,8
1946,Guerrero,2433,2433.0,2016,8
1947,Hidalgo,25578,25575.0,2016,8
1948,Jalisco,913,913.0,2016,8
1949,Nayarit,1105,1105.0,2016,8
1950,Nuevo leon,772,609.0,2016,8
1951,Oaxaca,47224,47224.0,2016,8
1952,Puebla,19028,18305.0,2016,8
1953,Quintana roo,5235,5235.0,2016,8
1954,San luis potosi,12155,12153.0,2016,8
1955,Sinaloa,2607,2607.0,2016,8
1956,Sonora,12,12.0,2016,8
1957,Tabasco,34072,33916.0,2016,8
1958,Tamaulipas,23835,22131.0,2016,8
1959,Veracruz,192090,187922.0,2016,8
1960,Yucatan,510,342.0,2016,8
1961,Total,477290,470191.0,2016,8
1962,Campeche,8983,8970.0,2016,9
1963,Chiapas,100713,100713.0,2016,9
1964,Chihuahua,26,26.0,2016,9
1965,Guerrero,2433,2433.0,2016,9
1966,Hidalgo,25578,25575.0,2016,9
1967,Jalisco,913,913.0,2016,9
1968,Nayarit,1105,1105.0,2016,9
1969,Nuevo leon,772,622.0,2016,9
1970,Oaxaca,47224,47224.0,2016,9
1971,Puebla,19028,19028.0,2016,9
1972,Quintana roo,5235,5235.0,2016,9
1973,San luis potosi,12155,12153.0,2016,9
1974,Sinaloa,2607,2607.0,2016,9
1975,Sonora,12,12.0,2016,9
1976,Tabasco,34072,33916.0,2016,9
1977,Tamaulipas,23835,22131.0,2016,9
1978,Veracruz,192090,188684.0,2016,9
1979,Yucatan,510,342.0,2016,9
1980,Total,477290,471689.0,2016,9
1981,Campeche,8983,8970.0,2016,12
1982,Chiapas,100713,100713.0,2016,12
1983,Chihuahua,26,26.0,2016,12
1984,Guerrero,2433,2433.0,2016,12
1985,Hidalgo,25578,25575.0,2016,12
1986,Jalisco,913,913.0,2016,12
1987,Nayarit,1105,1105.0,2016,12
1988,Nuevo leon,772,622.0,2016,12
1989,Oaxaca,47224,47224.0,2016,12
1990,Puebla,19028,19028.0,2016,12
1991,Quintana roo,5235,5235.0,2016,12
1992,San luis potosi,12155,12153.0,2016,12
1993,Sinaloa,2607,2607.0,2016,12
1994,Sonora,12,12.0,2016,12
1995,Tabasco,34072,33916.0,2016,12
1996,Tamaulipas,23835,22131.0,2016,12
1997,Veracruz,192090,188684.0,2016,12
1998,Yucatan,510,342.0,2016,12
1999,Total,477290,471689.0,2016,12
2000,Campeche,10492,2121.0,2017,2
2001,Oaxaca,47868,2632.0,2017,2
2002,Quintana roo,3432,260.0,2017,2
2003,San luis potosi,9962,2014.0,2017,2
2004,Tabasco,31488,997.0,2017,2
2005,Veracruz,182788,7753.0,2017,2
2006,Yucatan,529,150.0,2017,2
2007,Total,447728,15927.0,2017,2
2008,Campeche,10492,3251.0,2017,3
2009,Chiapas,100784,9304.0,2017,3
2010,Guerrero,2538,93.0,2017,3
2011,Oaxaca,47868,10384.0,2017,3
2012,Quintana roo,3815,1130.0,2017,3
2013,San luis potosi,11142,5043.0,2017,3
2014,Sinaloa,1550,25.0,2017,3
2015,Tabasco,33070,4473.0,2017,3
2016,Tamaulipas,11336,603.0,2017,3
2017,Veracruz,183298,11659.0,2017,3
2018,Yucatan,529,150.0,2017,3
2019,Total,452359,46115.0,2017,3
2020,Campeche,10492,5051.0,2017,4
2021,Chiapas,100874,25260.0,2017,4
2022,Guerrero,2538,93.0,2017,4
2023,Hidalgo,24111,16322.0,2017,4
2024,Nayarit,1828,166.0,2017,4
2025,Oaxaca,47868,29400.0,2017,4
2026,Quintana roo,3815,1130.0,2017,4
2027,San luis potosi,11142,7420.0,2017,4
2028,Sinaloa,1690,305.0,2017,4
2029,Tabasco,33070,15955.0,2017,4
2030,Tamaulipas,11336,6995.0,2017,4
2031,Veracruz,184948,46157.0,2017,4
2032,Yucatan,529,150.0,2017,4
2033,Total,454239,154404.0,2017,4
2034,Campeche,10492,9925.0,2017,5
2035,Chiapas,100874,78720.0,2017,5
2036,Guerrero,2538,2088.0,2017,5
2037,Hidalgo,24111,18025.0,2017,5
2038,Jalisco,898,578.0,2017,5
2039,Nayarit,1828,1688.0,2017,5
2040,Nuevo leon,230,65.0,2017,5
2041,Oaxaca,47868,46190.0,2017,5
2042,Puebla,18870,117.0,2017,5
2043,Quintana roo,3815,2205.0,2017,5
2044,San luis potosi,11142,10286.0,2017,5
2045,Sinaloa,1690,1550.0,2017,5
2046,Tabasco,33070,26819.0,2017,5
2047,Tamaulipas,11336,8039.0,2017,5
2048,Veracruz,184948,133985.0,2017,5
2049,Yucatan,529,150.0,2017,5
2050,Total,454239,340430.0,2017,5
2051,Campeche,10492,9925.0,2017,6
2052,Chiapas,100874,78720.0,2017,6
2053,Guerrero,2538,2088.0,2017,6
2054,Hidalgo,24111,18025.0,2017,6
2055,Jalisco,898,578.0,2017,6
2056,Nayarit,1828,1688.0,2017,6
2057,Nuevo leon,230,65.0,2017,6
2058,Oaxaca,47868,46190.0,2017,6
2059,Puebla,18870,117.0,2017,6
2060,Quintana roo,3815,2205.0,2017,6
2061,San luis potosi,11142,10286.0,2017,6
2062,Sinaloa,1690,1550.0,2017,6
2063,Tabasco,33070,26819.0,2017,6
2064,Tamaulipas,11336,8039.0,2017,6
2065,Veracruz,184948,133985.0,2017,6
2066,Yucatan,529,150.0,2017,6
2067,Total,454239,340430.0,2017,6
2068,Campeche,10492,10446.0,2017,7
2069,Chiapas,100874,98895.0,2017,7
2070,Guerrero,2538,2538.0,2017,7
2071,Hidalgo,24111,24084.0,2017,7
2072,Jalisco,898,898.0,2017,7
2073,Nayarit,1828,1828.0,2017,7
2074,Nuevo leon,230,223.0,2017,7
2075,Oaxaca,47868,47215.0,2017,7
2076,Puebla,18870,14045.0,2017,7
2077,Quintana roo,3815,3815.0,2017,7
2078,San luis potosi,11142,10624.0,2017,7
2079,Sinaloa,1690,1690.0,2017,7
2080,Tabasco,33070,29029.0,2017,7
2081,Tamaulipas,11336,11216.0,2017,7
2082,Veracruz,184948,176319.0,2017,7
2083,Yucatan,529,161.0,2017,7
2084,Total,454239,433025.0,2017,7
2085,Campeche,10492,10446.0,2017,8
2086,Chiapas,100874,100874.0,2017,8
2087,Guerrero,2538,2538.0,2017,8
2088,Hidalgo,24111,24111.0,2017,8
2089,Jalisco,898,898.0,2017,8
2090,Nayarit,1828,1828.0,2017,8
2091,Nuevo leon,230,230.0,2017,8
2092,Oaxaca,47868,47215.0,2017,8
2093,Puebla,18870,18750.0,2017,8
2094,Quintana roo,3815,3815.0,2017,8
2095,San luis potosi,11142,10624.0,2017,8
2096,Sinaloa,1690,1690.0,2017,8
2097,Tabasco,33070,29029.0,2017,8
2098,Tamaulipas,11336,11216.0,2017,8
2099,Veracruz,184948,178189.0,2017,8
2100,Yucatan,529,161.0,2017,8
2101,Total,454239,441612.0,2017,8
2102,Campeche,10492,10446.0,2017,9
2103,Chiapas,100874,100874.0,2017,9
2104,Guerrero,2538,2538.0,2017,9
2105,Hidalgo,24111,24111.0,2017,9
2106,Jalisco,898,898.0,2017,9
2107,Nayarit,1828,1828.0,2017,9
2108,Nuevo leon,230,230.0,2017,9
2109,Oaxaca,47868,47215.0,2017,9
2110,Puebla,18870,18870.0,2017,9
2111,Quintana roo,3815,3815.0,2017,9
2112,San luis potosi,11142,10624.0,2017,9
2113,Sinaloa,1690,1690.0,2017,9
2114,Tabasco,33070,29029.0,2017,9
2115,Tamaulipas,11336,11216.0,2017,9
2116,Veracruz,184948,184758.0,2017,9
2117,Yucatan,529,161.0,2017,9
2118,Total,454239,448302.0,2017,9
2119,Campeche,10492,10446.0,2017,12
2120,Chiapas,100874,100874.0,2017,12
2121,Guerrero,2538,2538.0,2017,12
2122,Hidalgo,24111,24111.0,2017,12
2123,Jalisco,898,898.0,2017,12
2124,Nayarit,1828,1828.0,2017,12
2125,Nuevo leon,230,230.0,2017,12
2126,Oaxaca,47868,47215.0,2017,12
2127,Puebla,18870,18870.0,2017,12
2128,Quintana roo,3815,3815.0,2017,12
2129,San luis potosi,11142,10624.0,2017,12
2130,Sinaloa,1690,1690.0,2017,12
2131,Tabasco,33070,29029.0,2017,12
2132,Tamaulipas,11336,11216.0,2017,12
2133,Veracruz,184948,184758.0,2017,12
2134,Yucatan,529,161.0,2017,12
2135,Total,454239,448302.0,2017,12
2136,Campeche,11583,1904.0,2018,2
2137,Guerrero,2534,154.0,2018,2
2138,Nayarit,2018,70.0,2018,2
2139,Oaxaca,46054,1112.0,2018,2
2140,San luis potosi,9335,2387.0,2018,2
2141,Sinaloa,1396,60.0,2018,2
2142,Tabasco,33825,1887.0,2018,2
2143,Veracruz,180698,4300.0,2018,2
2144,Yucatan,150,150.0,2018,2
2145,Total,436400,12024.0,2018,2
2146,Campeche,11683,3243.0,2018,3
2147,Chiapas,100617,7561.0,2018,3
2148,Guerrero,2534,154.0,2018,3
2149,Hidalgo,23342,150.0,2018,3
2150,Nayarit,2018,70.0,2018,3
2151,Oaxaca,46054,9734.0,2018,3
2152,San luis potosi,10610,5127.0,2018,3
2153,Sinaloa,1400,1355.0,2018,3
2154,Tabasco,34783,4611.0,2018,3
2155,Tamaulipas,6525,100.0,2018,3
2156,Veracruz,182166,9154.0,2018,3
2157,Yucatan,150,150.0,2018,3
2158,Total,445025,41408.0,2018,3
2159,Campeche,11683,7748.0,2018,4
2160,Chiapas,100617,22344.0,2018,4
2161,Guerrero,2534,600.0,2018,4
2162,Hidalgo,23342,14188.0,2018,4
2163,Michoacan,220,143.0,2018,4
2164,Nayarit,2018,392.0,2018,4
2165,Oaxaca,46054,30737.0,2018,4
2166,Quintana roo,3210,564.0,2018,4
2167,San luis potosi,10610,6076.0,2018,4
2168,Sinaloa,1400,1400.0,2018,4
2169,Tabasco,34783,18430.0,2018,4
2170,Tamaulipas,6525,2270.0,2018,4
2171,Veracruz,182166,52930.0,2018,4
2172,Yucatan,150,150.0,2018,4
2173,Total,445025,157972.0,2018,4
2174,Campeche,11683,11441.0,2018,5
2175,Chiapas,100617,76952.0,2018,5
2176,Chihuahua,9,9.0,2018,5
2177,Guerrero,2534,2388.0,2018,5
2178,Hidalgo,23342,18444.0,2018,5
2179,Jalisco,915,532.0,2018,5
2180,Michoacan,220,220.0,2018,5
2181,Nayarit,2018,1738.0,2018,5
2182,Nuevo leon,790,20.0,2018,5
2183,Oaxaca,46054,44866.0,2018,5
2184,Puebla,17999,125.0,2018,5
2185,Quintana roo,3210,1902.0,2018,5
2186,San luis potosi,10610,8951.0,2018,5
2187,Sinaloa,1400,1400.0,2018,5
2188,Tabasco,34783,28802.0,2018,5
2189,Tamaulipas,6525,4134.0,2018,5
2190,Veracruz,182166,135945.0,2018,5
2191,Yucatan,150,150.0,2018,5
2192,Total,445025,338020.0,2018,5
2193,Campeche,11683,11641.0,2018,6
2194,Chiapas,100617,99348.0,2018,6
2195,Chihuahua,9,9.0,2018,6
2196,Guerrero,2534,2534.0,2018,6
2197,Hidalgo,23342,22722.0,2018,6
2198,Jalisco,915,915.0,2018,6
2199,Michoacan,220,220.0,2018,6
2200,Nayarit,2018,1768.0,2018,6
2201,Nuevo leon,790,505.0,2018,6
2202,Oaxaca,46054,45951.0,2018,6
2203,Puebla,17999,9566.0,2018,6
2204,Quintana roo,3210,3210.0,2018,6
2205,San luis potosi,10610,9772.0,2018,6
2206,Sinaloa,1400,1400.0,2018,6
2207,Tabasco,34783,32570.0,2018,6
2208,Tamaulipas,6525,4312.0,2018,6
2209,Veracruz,182166,168386.0,2018,6
2210,Yucatan,150,150.0,2018,6
2211,Total,445025,414982.0,2018,6
2212,Campeche,11683,11641.0,2018,7
2213,Chiapas,100617,100617.0,2018,7
2214,Chihuahua,9,9.0,2018,7
2215,Guerrero,2534,2534.0,2018,7
2216,Hidalgo,23342,23331.0,2018,7
2217,Jalisco,915,915.0,2018,7
2218,Michoacan,220,220.0,2018,7
2219,Nayarit,2018,1768.0,2018,7
2220,Nuevo leon,790,505.0,2018,7
2221,Oaxaca,46054,45951.0,2018,7
2222,Puebla,17999,15001.0,2018,7
2223,Quintana roo,3210,3210.0,2018,7
2224,San luis potosi,10610,10052.0,2018,7
2225,Sinaloa,1400,1400.0,2018,7
2226,Tabasco,34783,32570.0,2018,7
2227,Tamaulipas,6525,5232.0,2018,7
2228,Veracruz,182166,178154.0,2018,7
2229,Yucatan,150,150.0,2018,7
2230,Total,445025,433262.0,2018,7
2231,Campeche,11683,11641.0,2018,8
2232,Chiapas,100617,100617.0,2018,8
2233,Chihuahua,9,9.0,2018,8
2234,Guerrero,2534,2534.0,2018,8
2235,Hidalgo,23342,23342.0,2018,8
2236,Jalisco,915,915.0,2018,8
2237,Michoacan,220,220.0,2018,8
2238,Nayarit,2018,1768.0,2018,8
2239,Nuevo leon,790,510.0,2018,8
2240,Oaxaca,46054,45951.0,2018,8
2241,Puebla,17999,17999.0,2018,8
2242,Quintana roo,3210,3210.0,2018,8
2243,San luis potosi,10610,10052.0,2018,8
2244,Sinaloa,1400,1400.0,2018,8
2245,Tabasco,34783,32570.0,2018,8
2246,Tamaulipas,6525,5392.0,2018,8
2247,Veracruz,182166,182166.0,2018,8
2248,Yucatan,150,150.0,2018,8
2249,Total,445025,440447.0,2018,8
2250,Campeche,11683,11641.0,2018,9
2251,Chiapas,100617,100617.0,2018,9
2252,Chihuahua,9,9.0,2018,9
2253,Guerrero,2534,2534.0,2018,9
2254,Hidalgo,23342,23342.0,2018,9
2255,Jalisco,915,915.0,2018,9
2256,Michoacan,220,220.0,2018,9
2257,Nayarit,2018,2018.0,2018,9
2258,Nuevo leon,790,510.0,2018,9
2259,Oaxaca,46054,45951.0,2018,9
2260,Puebla,17999,17999.0,2018,9
2261,Quintana roo,3210,3210.0,2018,9
2262,San luis potosi,10610,10052.0,2018,9
2263,Sinaloa,1400,1400.0,2018,9
2264,Tabasco,34783,32570.0,2018,9
2265,Tamaulipas,6525,5392.0,2018,9
2266,Veracruz,182166,182166.0,2018,9
2267,Yucatan,150,150.0,2018,9
2268,Total,445025,440697.0,2018,9
2269,Campeche,11683,11641.0,2018,12
2270,Chiapas,100617,100617.0,2018,12
2271,Chihuahua,9,9.0,2018,12
2272,Guerrero,2534,2534.0,2018,12
2273,Hidalgo,23342,23342.0,2018,12
2274,Jalisco,915,915.0,2018,12
2275,Michoacan,220,220.0,2018,12
2276,Nayarit,2018,2018.0,2018,12
2277,Nuevo leon,790,510.0,2018,12
2278,Oaxaca,46054,45951.0,2018,12
2279,Puebla,17999,17999.0,2018,12
2280,Quintana roo,3210,3210.0,2018,12
2281,San luis potosi,10610,10052.0,2018,12
2282,Sinaloa,1400,1400.0,2018,12
2283,Tabasco,34783,32570.0,2018,12
2284,Tamaulipas,6525,5392.0,2018,12
2285,Veracruz,182166,182166.0,2018,12
2286,Yucatan,150,150.0,2018,12
2287,Total,445025,440697.0,2018,12
2288,Campeche,11083,1304.0,2019,2
2289,Chiapas,98050,897.0,2019,2
2290,Guerrero,2531,277.0,2019,2
2291,Oaxaca,46326,2200.0,2019,2
2292,San luis potosi,13560,6570.0,2019,2
2293,Tabasco,32535,1113.0,2019,2
2294,Veracruz,194504,5265.0,2019,2
2295,Yucatan,170,100.0,2019,2
2296,Total,455902,17726.0,2019,2
2297,Campeche,11083,3986.0,2019,3
2298,Chiapas,98112,7364.0,2019,3
2299,Guerrero,2629,277.0,2019,3
2300,Hidalgo,21156,139.0,2019,3
2301,Oaxaca,46326,8644.0,2019,3
2302,San luis potosi,13968,8620.0,2019,3
2303,Sinaloa,1499,630.0,2019,3
2304,Tabasco,35644,4537.0,2019,3
2305,Tamaulipas,12426,1221.0,2019,3
2306,Veracruz,196815,9980.0,2019,3
2307,Yucatan,170,130.0,2019,3
2308,Total,463016,45528.0,2019,3
2309,Campeche,11083,9770.0,2019,4
2310,Chiapas,98112,21728.0,2019,4
2311,Guerrero,2629,761.0,2019,4
2312,Hidalgo,22753,14437.0,2019,4
2313,Nayarit,1776,414.0,2019,4
2314,Oaxaca,46326,26576.0,2019,4
2315,Quintana roo,2672,1503.0,2019,4
2316,San luis potosi,13986,11986.0,2019,4
2317,Sinaloa,1499,1229.0,2019,4
2318,Tabasco,35644,19168.0,2019,4
2319,Tamaulipas,12426,3064.0,2019,4
2320,Veracruz,196815,54946.0,2019,4
2321,Yucatan,170,130.0,2019,4
2322,Total,464630,165710.0,2019,4
2323,Campeche,11083,10930.0,2019,5
2324,Chiapas,98112,75817.0,2019,5
2325,Chihuahua,20,20.0,2019,5
2326,Guerrero,2629,2531.0,2019,5
2327,Hidalgo,22753,18047.0,2019,5
2328,Jalisco,921,507.0,2019,5
2329,Nayarit,1776,1677.0,2019,5
2330,Nuevo leon,390,30.0,2019,5
2331,Oaxaca,46326,44382.0,2019,5
2332,Puebla,17409,137.0,2019,5
2333,Quintana roo,2672,2364.0,2019,5
2334,San luis potosi,13986,13034.0,2019,5
2335,Sinaloa,1499,1331.0,2019,5
2336,Tabasco,35644,29625.0,2019,5
2337,Tamaulipas,12426,9284.0,2019,5
2338,Veracruz,196971,99233.0,2019,5
2339,Yucatan,170,130.0,2019,5
2340,Total,464786,309078.0,2019,5
2341,Campeche,11083,10930.0,2019,6
2342,Chiapas,98112,94925.0,2019,6
2343,Chihuahua,20,20.0,2019,6
2344,Guerrero,2629,2629.0,2019,6
2345,Hidalgo,22753,22051.0,2019,6
2346,Jalisco,921,921.0,2019,6
2347,Nayarit,1776,1756.0,2019,6
2348,Nuevo leon,390,90.0,2019,6
2349,Oaxaca,46326,46304.0,2019,6
2350,Puebla,17409,8789.0,2019,6
2351,Quintana roo,2672,2672.0,2019,6
2352,San luis potosi,13986,13788.0,2019,6
2353,Sinaloa,1499,1331.0,2019,6
2354,Tabasco,35644,33432.0,2019,6
2355,Tamaulipas,12426,9304.0,2019,6
2356,Veracruz,196971,174484.0,2019,6
2357,Yucatan,170,130.0,2019,6
2358,Total,464786,423557.0,2019,6
2359,Campeche,11083,10930.0,2019,7
2360,Chiapas,98112,98112.0,2019,7
2361,Chihuahua,20,20.0,2019,7
2362,Guerrero,2629,2629.0,2019,7
2363,Hidalgo,22753,22658.0,2019,7
2364,Jalisco,921,921.0,2019,7
2365,Nayarit,1776,1756.0,2019,7
2366,Nuevo leon,390,390.0,2019,7
2367,Oaxaca,46326,46304.0,2019,7
2368,Puebla,17409,16323.0,2019,7
2369,Quintana roo,2672,2672.0,2019,7
2370,San luis potosi,13986,13788.0,2019,7
2371,Sinaloa,1499,1331.0,2019,7
2372,Tabasco,35644,33432.0,2019,7
2373,Tamaulipas,12426,12106.0,2019,7
2374,Veracruz,196971,182860.0,2019,7
2375,Yucatan,170,130.0,2019,7
2376,Total,464786,446362.0,2019,7
2377,Campeche,11083,10930.0,2019,8
2378,Chiapas,98112,98112.0,2019,8
2379,Chihuahua,20,20.0,2019,8
2380,Guerrero,2629,2629.0,2019,8
2381,Hidalgo,22753,22669.0,2019,8
2382,Jalisco,921,921.0,2019,8
2383,Nayarit,1776,1756.0,2019,8
2384,Nuevo leon,390,390.0,2019,8
2385,Oaxaca,46326,46304.0,2019,8
2386,Puebla,17409,17356.0,2019,8
2387,Quintana roo,2672,2672.0,2019,8
2388,San luis potosi,13986,13788.0,2019,8
2389,Sinaloa,1499,1331.0,2019,8
2390,Tabasco,35644,33432.0,2019,8
2391,Tamaulipas,12426,12321.0,2019,8
2392,Veracruz,196971,186711.0,2019,8
2393,Yucatan,170,130.0,2019,8
2394,Total,464786,451472.0,2019,8
2395,Campeche,11083,10930.0,2019,9
2396,Chiapas,98112,98112.0,2019,9
2397,Chihuahua,20,20.0,2019,9
2398,Guerrero,2629,2629.0,2019,9
2399,Hidalgo,22753,22753.0,2019,9
2400,Jalisco,921,921.0,2019,9
2401,Nayarit,1776,1756.0,2019,9
2402,Nuevo leon,390,390.0,2019,9
2403,Oaxaca,46326,46304.0,2019,9
2404,Puebla,17409,17409.0,2019,9
2405,Quintana roo,2672,2672.0,2019,9
2406,San luis potosi,13986,13788.0,2019,9
2407,Sinaloa,1499,1499.0,2019,9
2408,Tabasco,35644,33432.0,2019,9
2409,Tamaulipas,12426,12321.0,2019,9
2410,Veracruz,196971,188525.0,2019,9
2411,Yucatan,170,130.0,2019,9
2412,Total,464786,453591.0,2019,9
2413,Campeche,11083,10930.0,2019,12
2414,Chiapas,98112,98112.0,2019,12
2415,Chihuahua,20,20.0,2019,12
2416,Guerrero,2629,2629.0,2019,12
2417,Hidalgo,22753,22753.0,2019,12
2418,Jalisco,921,921.0,2019,12
2419,Nayarit,1776,1756.0,2019,12
2420,Nuevo leon,390,390.0,2019,12
2421,Oaxaca,46326,46304.0,2019,12
2422,Puebla,17409,17409.0,2019,12
2423,Quintana roo,2672,2672.0,2019,12
2424,San luis potosi,13986,13788.0,2019,12
2425,Sinaloa,1499,1499.0,2019,12
2426,Tabasco,35644,33432.0,2019,12
2427,Tamaulipas,12426,12321.0,2019,12
2428,Veracruz,196971,188525.0,2019,12
2429,Yucatan,170,130.0,2019,12
2430,Total,464786,453591.0,2019,12
2431,San luis potosi,9998,4612.0,2020,1
2432,Total,413589,4612.0,2020,1
2433,Campeche,11032,1726.0,2020,2
2434,Chiapas,99103,983.0,2020,2
2435,Guerrero,2812,214.0,2020,2
2436,Oaxaca,46194,2041.0,2020,2
2437,Quintana roo,2935,448.0,2020,2
2438,San luis potosi,9998,6860.0,2020,2
2439,Tabasco,34174,599.0,2020,2
2440,Veracruz,188495,5883.0,2020,2
2441,Yucatan,50,15.0,2020,2
2442,Total,455165,18768.0,2020,2
2443,Campeche,11032,3907.0,2020,3
2444,Chiapas,100374,7473.0,2020,3
2445,Guerrero,2834,365.0,2020,3
2446,Hidalgo,20608,136.0,2020,3
2447,Oaxaca,46194,7938.0,2020,3
2448,Quintana roo,2955,658.0,2020,3
2449,San luis potosi,9998,9559.0,2020,3
2450,Sinaloa,5730,921.0,2020,3
2451,Tabasco,38143,5008.0,2020,3
2452,Tamaulipas,18842,1522.0,2020,3
2453,Veracruz,189691,9362.0,2020,3
2454,Yucatan,50,50.0,2020,3
2455,Total,467497,46899.0,2020,3
2456,Campeche,11032,6500.0,2020,4
2457,Chiapas,100374,22753.0,2020,4
2458,Guerrero,2834,1121.0,2020,4
2459,Hidalgo,20608,14429.0,2020,4
2460,Nayarit,1932,531.0,2020,4
2461,Oaxaca,46194,24341.0,2020,4
2462,Quintana roo,2955,2083.0,2020,4
2463,San luis potosi,9998,9998.0,2020,4
2464,Sinaloa,5730,951.0,2020,4
2465,Tabasco,38143,20349.0,2020,4
2466,Tamaulipas,18842,12540.0,2020,4
2467,Veracruz,189691,46059.0,2020,4
2468,Yucatan,50,50.0,2020,4
2469,Total,467497,161706.0,2020,4
2470,Campeche,11032,10672.0,2020,5
2471,Chiapas,100374,79524.0,2020,5
2472,Chihuahua,26,26.0,2020,5
2473,Guerrero,2834,2834.0,2020,5
2474,Hidalgo,20608,16235.0,2020,5
2475,Jalisco,945,463.0,2020,5
2476,Nayarit,1932,966.0,2020,5
2477,Nuevo leon,75,75.0,2020,5
2478,Oaxaca,46194,44746.0,2020,5
2479,Puebla,18067,178.0,2020,5
2480,Quintana roo,2955,2110.0,2020,5
2481,San luis potosi,9998,9998.0,2020,5
2482,Sinaloa,5730,1396.0,2020,5
2483,Tabasco,38143,32011.0,2020,5
2484,Tamaulipas,18842,17835.0,2020,5
2485,Veracruz,189691,124182.0,2020,5
2486,Yucatan,50,50.0,2020,5
2487,Total,467497,343302.0,2020,5
2488,Campeche,11032,11020.0,2020,6
2489,Chiapas,100374,96846.0,2020,6
2490,Chihuahua,26,26.0,2020,6
2491,Guerrero,2834,2834.0,2020,6
2492,Hidalgo,20608,17918.0,2020,6
2493,Jalisco,945,945.0,2020,6
2494,Nayarit,1932,966.0,2020,6
2495,Nuevo leon,75,75.0,2020,6
2496,Oaxaca,46194,45501.0,2020,6
2497,Puebla,18067,3101.0,2020,6
2498,Quintana roo,2955,2450.0,2020,6
2499,San luis potosi,9998,9998.0,2020,6
2500,Sinaloa,5730,5294.0,2020,6
2501,Tabasco,38143,37402.0,2020,6
2502,Tamaulipas,18842,17930.0,2020,6
2503,Veracruz,189691,125497.0,2020,6
2504,Yucatan,50,50.0,2020,6
2505,Total,467497,377855.0,2020,6
2506,Campeche,11032,11020.0,2020,7
2507,Chiapas,100374,100374.0,2020,7
2508,Chihuahua,26,26.0,2020,7
2509,Guerrero,2834,2834.0,2020,7
2510,Hidalgo,20608,20608.0,2020,7
2511,Jalisco,945,945.0,2020,7
2512,Nayarit,1932,1246.0,2020,7
2513,Nuevo leon,75,75.0,2020,7
2514,Oaxaca,46194,45501.0,2020,7
2515,Puebla,18067,17782.0,2020,7
2516,Quintana roo,2955,2450.0,2020,7
2517,San luis potosi,9998,9998.0,2020,7
2518,Sinaloa,5730,5423.0,2020,7
2519,Tabasco,38143,37402.0,2020,7
2520,Tamaulipas,18842,18171.0,2020,7
2521,Veracruz,189691,185683.0,2020,7
2522,Yucatan,50,50.0,2020,7
2523,Total,467497,459590.0,2020,7
2524,Campeche,11032,11020.0,2020,8
2525,Chiapas,100374,100374.0,2020,8
2526,Chihuahua,26,26.0,2020,8
2527,Guerrero,2834,2834.0,2020,8
2528,Hidalgo,20608,20608.0,2020,8
2529,Jalisco,945,945.0,2020,8
2530,Nayarit,1932,1877.0,2020,8
2531,Nuevo leon,75,75.0,2020,8
2532,Oaxaca,46194,45501.0,2020,8
2533,Puebla,18067,18047.0,2020,8
2534,Quintana roo,2955,2450.0,2020,8
2535,San luis potosi,9998,9998.0,2020,8
2536,Sinaloa,5730,5644.0,2020,8
2537,Tabasco,38143,37402.0,2020,8
2538,Tamaulipas,18842,18171.0,2020,8
2539,Veracruz,189691,189525.0,2020,8
2540,Yucatan,50,50.0,2020,8
2541,Total,467497,464549.0,2020,8
2542,Campeche,11032,11020.0,2020,9
2543,Chiapas,100374,100374.0,2020,9
2544,Chihuahua,26,26.0,2020,9
2545,Guerrero,2834,2834.0,2020,9
2546,Hidalgo,20608,20608.0,2020,9
2547,Jalisco,945,945.0,2020,9
2548,Nayarit,1932,1927.0,2020,9
2549,Nuevo leon,75,75.0,2020,9
2550,Oaxaca,46194,45519.0,2020,9
2551,Puebla,18067,18067.0,2020,9
2552,Quintana roo,2955,2450.0,2020,9
2553,San luis potosi,9998,9998.0,2020,9
2554,Sinaloa,5730,5730.0,2020,9
2555,Tabasco,38143,37402.0,2020,9
2556,Tamaulipas,18842,18201.0,2020,9
2557,Veracruz,189691,189691.0,2020,9
2558,Yucatan,50,50.0,2020,9
2559,Total,467497,464919.0,2020,9
2560,Campeche,11032,11020.0,2020,12
2561,Chiapas,100374,100374.0,2020,12
2562,Chihuahua,26,26.0,2020,12
2563,Guerrero,2834,2834.0,2020,12
2564,Hidalgo,20608,20608.0,2020,12
2565,Jalisco,945,945.0,2020,12
2566,Nayarit,1932,1927.0,2020,12
2567,Nuevo leon,75,75.0,2020,12
2568,Oaxaca,46194,45519.0,2020,12
2569,Puebla,18067,18067.0,2020,12
2570,Quintana roo,2955,2450.0,2020,12
2571,San luis potosi,9998,9998.0,2020,12
2572,Sinaloa,5730,5730.0,2020,12
2573,Tabasco,38143,37402.0,2020,12
2574,Tamaulipas,18842,18201.0,2020,12
2575,Veracruz,189691,189691.0,2020,12
2576,Yucatan,50,50.0,2020,12
2577,Total,467497,464919.0,2020,12
